Address,Date time,Minimum Temperature,Maximum Temperature,Temperature,Dew Point,Relative Humidity,Heat Index,Wind Speed,Wind Gust,Wind Direction,Wind Chill,Precipitation,Precipitation Cover,Snow Depth,Visibility,Cloud Cover,Sea Level Pressure,Weather Type,Latitude,Longitude,Resolved Address,Name,Info,Conditions
"Kolkata,West Bengal,India",01/01/2021,13.0,25.0,18.6,11.7,65.61,,6.9,,204.83,,0.0,0.0,0.0,1.8,0.0,1016.2,"Mist, Smoke Or Haze",22.5705,88.3713,"Kolkata, WB, India","Kolkata, WB, India",,Clear
"Kolkata,West Bengal,India",01/02/2021,14.4,25.0,19.0,11.7,65.34,,5.8,,100.08,,0.0,0.0,0.0,1.7,0.0,1015.6,"Mist, Fog, Smoke Or Haze",22.5705,88.3713,"Kolkata, WB, India","Kolkata, WB, India",,Clear
"Kolkata,West Bengal,India",01/03/2021,13.0,26.1,19.2,13.0,69.17,,4.7,,48.7,,0.0,0.0,0.0,1.7,0.0,1014.1,"Mist, Fog, Smoke Or Haze",22.5705,88.3713,"Kolkata, WB, India","Kolkata, WB, India",,Clear
"Kolkata,West Bengal,India",01/04/2021,15.3,28.0,21.0,14.4,68.83,28.0,9.2,,106.41,,0.0,0.0,0.0,1.6,2.2,1014.7,"Mist, Smoke Or Haze",22.5705,88.3713,"Kolkata, WB, India","Kolkata, WB, India",,Clear
"Kolkata,West Bengal,India",01/05/2021,16.0,28.1,21.9,15.3,68.74,28.0,5.8,,142.86,,0.0,0.0,0.0,1.8,0.1,1014.6,"Mist, Fog, Smoke Or Haze",22.5705,88.3713,"Kolkata, WB, India","Kolkata, WB, India",,Clear
"Kolkata,West Bengal,India",01/06/2021,16.8,29.2,22.7,16.2,69.08,29.6,5.8,,57.3,,0.0,0.0,0.0,1.7,0.0,1012.4,"Mist, Fog, Smoke Or Haze",22.5705,88.3713,"Kolkata, WB, India","Kolkata, WB, India",,Clear
"Kolkata,West Bengal,India",01/07/2021,19.6,31.0,24.6,17.2,66.06,31.0,4.7,,121.95,,0.0,0.0,0.0,1.7,8.8,1011.5,"Mist, Fog, Smoke Or Haze",22.5705,88.3713,"Kolkata, WB, India","Kolkata, WB, India",,Clear
"Kolkata,West Bengal,India",01/08/2021,19.0,29.0,23.8,17.0,67.56,29.1,9.2,,126.26,,0.0,0.0,0.0,1.7,22.7,1011.9,"Mist, Fog, Sky Unchanged, Smoke Or Haze",22.5705,88.3713,"Kolkata, WB, India","Kolkata, WB, India",,Clear
"Kolkata,West Bengal,India",01/09/2021,20.0,28.4,23.6,16.8,66.58,28.7,4.7,,103.54,,0.0,0.0,0.0,1.9,12.0,1011.8,Smoke Or Haze,22.5705,88.3713,"Kolkata, WB, India","Kolkata, WB, India",,Clear
"Kolkata,West Bengal,India",01/10/2021,20.3,29.4,24.7,17.6,66.89,29.4,6.9,,152.41,,0.0,0.0,0.0,1.8,0.0,1011.7,"Mist, Smoke Or Haze",22.5705,88.3713,"Kolkata, WB, India","Kolkata, WB, India",,Clear
"Kolkata,West Bengal,India",01/11/2021,20.0,28.1,23.8,18.6,73.4,29.6,6.9,,145.13,,0.0,0.0,0.0,1.6,15.2,1013.0,"Mist, Smoke Or Haze",22.5705,88.3713,"Kolkata, WB, India","Kolkata, WB, India",,Clear
"Kolkata,West Bengal,India",01/12/2021,17.0,26.1,21.5,16.5,74.42,,6.9,,121.42,,0.0,0.0,0.0,1.6,0.0,1013.8,"Mist, Smoke Or Haze",22.5705,88.3713,"Kolkata, WB, India","Kolkata, WB, India",,Clear
"Kolkata,West Bengal,India",01/13/2021,16.0,22.6,19.1,14.0,73.21,,10.3,,67.54,,0.0,0.0,0.0,1.5,17.9,1014.5,"Mist, Smoke Or Haze",22.5705,88.3713,"Kolkata, WB, India","Kolkata, WB, India",,Clear
"Kolkata,West Bengal,India",01/14/2021,15.0,24.1,19.4,13.9,70.99,,4.7,,60.17,,0.0,0.0,0.0,1.4,14.4,1014.1,"Mist, Smoke Or Haze",22.5705,88.3713,"Kolkata, WB, India","Kolkata, WB, India",,Clear
"Kolkata,West Bengal,India",01/15/2021,14.0,23.9,18.5,13.1,72.04,,4.7,,61.86,,0.0,0.0,0.0,1.4,0.0,1012.7,"Mist, Fog, Smoke Or Haze",22.5705,88.3713,"Kolkata, WB, India","Kolkata, WB, India",,Clear
"Kolkata,West Bengal,India",01/16/2021,14.0,23.1,17.6,13.6,78.18,,6.9,,103.33,,0.0,0.0,0.0,1.2,0.0,1012.0,"Mist, Smoke Or Haze",22.5705,88.3713,"Kolkata, WB, India","Kolkata, WB, India",,Clear
"Kolkata,West Bengal,India",01/17/2021,13.0,23.1,17.6,13.3,77.46,,6.9,,186.92,,0.0,0.0,0.0,1.0,1.3,1015.2,"Mist, Fog, Smoke Or Haze",22.5705,88.3713,"Kolkata, WB, India","Kolkata, WB, India",,Clear
"Kolkata,West Bengal,India",01/18/2021,13.0,24.0,18.3,14.2,78.72,,3.4,,53.55,,0.0,0.0,0.0,1.1,0.0,1014.6,"Mist, Fog, Smoke Or Haze",22.5705,88.3713,"Kolkata, WB, India","Kolkata, WB, India",,Clear
"Kolkata,West Bengal,India",01/19/2021,14.0,25.4,19.6,16.0,81.27,,4.7,,79.79,,0.0,0.0,0.0,1.0,9.0,1012.3,"Mist, Fog, Smoke Or Haze",22.5705,88.3713,"Kolkata, WB, India","Kolkata, WB, India",,Clear
"Kolkata,West Bengal,India",01/20/2021,18.0,27.0,22.0,18.8,83.13,28.2,10.3,,142.08,,0.0,0.0,0.0,1.2,30.1,1011.3,"Mist, Fog, Smoke Or Haze",22.5705,88.3713,"Kolkata, WB, India","Kolkata, WB, India",,Partially cloudy
"Kolkata,West Bengal,India",01/21/2021,16.0,27.0,20.6,12.8,65.14,26.3,5.8,,134.54,,0.0,0.0,0.0,1.4,2.1,1012.7,"Mist, Fog, Smoke Or Haze",22.5705,88.3713,"Kolkata, WB, India","Kolkata, WB, India",,Clear
"Kolkata,West Bengal,India",01/22/2021,15.0,25.0,19.7,12.6,66.42,,5.8,,107.0,,0.0,0.0,0.0,1.7,0.0,1013.8,"Mist, Smoke Or Haze",22.5705,88.3713,"Kolkata, WB, India","Kolkata, WB, India",,Clear
"Kolkata,West Bengal,India",01/23/2021,14.0,23.0,17.7,13.8,79.11,,5.8,,135.78,,0.0,0.0,0.0,1.2,7.0,1013.5,"Mist, Fog, Smoke Or Haze",22.5705,88.3713,"Kolkata, WB, India","Kolkata, WB, India",,Clear
"Kolkata,West Bengal,India",01/24/2021,13.0,25.6,18.8,15.0,79.97,,3.4,,25.35,,0.0,0.0,0.0,1.0,8.8,1013.8,"Mist, Fog, Smoke Or Haze",22.5705,88.3713,"Kolkata, WB, India","Kolkata, WB, India",,Clear
"Kolkata,West Bengal,India",01/25/2021,16.0,26.0,20.7,16.5,77.61,,4.7,,45.5,,0.0,0.0,0.0,1.1,41.4,1014.7,"Mist, Fog, Smoke Or Haze",22.5705,88.3713,"Kolkata, WB, India","Kolkata, WB, India",,Partially cloudy
"Kolkata,West Bengal,India",01/26/2021,15.0,22.5,18.2,14.9,81.94,,6.9,,137.5,,0.0,0.0,0.0,1.1,10.1,1015.0,"Mist, Fog, Smoke Or Haze",22.5705,88.3713,"Kolkata, WB, India","Kolkata, WB, India",,Clear
"Kolkata,West Bengal,India",01/27/2021,13.0,23.0,17.8,11.7,70.06,,10.3,,193.21,,0.0,0.0,0.0,1.6,0.0,1015.5,"Mist, Fog, Smoke Or Haze",22.5705,88.3713,"Kolkata, WB, India","Kolkata, WB, India",,Clear
"Kolkata,West Bengal,India",01/28/2021,12.0,24.0,17.4,10.8,68.52,,8.1,,161.5,,0.0,0.0,0.0,1.8,1.3,1016.0,"Mist, Fog, Smoke Or Haze",22.5705,88.3713,"Kolkata, WB, India","Kolkata, WB, India",,Clear
"Kolkata,West Bengal,India",01/29/2021,13.0,25.1,18.7,12.4,69.19,,5.8,,181.7,,0.0,0.0,0.0,1.6,23.0,1015.1,"Mist, Fog, Smoke Or Haze",22.5705,88.3713,"Kolkata, WB, India","Kolkata, WB, India",,Clear
"Kolkata,West Bengal,India",01/30/2021,15.2,23.0,18.4,11.4,65.68,,6.9,,161.46,,0.0,0.0,0.0,1.3,23.7,1015.2,"Mist, Smoke Or Haze",22.5705,88.3713,"Kolkata, WB, India","Kolkata, WB, India",,Clear
"Kolkata,West Bengal,India",01/31/2021,11.0,23.0,17.0,10.2,66.55,,9.2,,119.78,,0.0,0.0,0.0,1.5,1.1,1017.1,"Mist, Smoke Or Haze",22.5705,88.3713,"Kolkata, WB, India","Kolkata, WB, India",,Clear
"Kolkata,West Bengal,India",02/01/2021,12.0,23.0,17.1,9.3,63.1,,6.9,,114.13,,0.0,0.0,0.0,1.6,0.0,1018.0,"Mist, Smoke Or Haze",22.5705,88.3713,"Kolkata, WB, India","Kolkata, WB, India",,Clear
"Kolkata,West Bengal,India",02/02/2021,12.0,24.1,18.1,8.9,59.37,,6.9,,133.19,,0.0,0.0,0.0,1.6,0.0,1017.5,"Mist, Fog, Smoke Or Haze",22.5705,88.3713,"Kolkata, WB, India","Kolkata, WB, India",,Clear
"Kolkata,West Bengal,India",02/03/2021,13.1,25.0,18.2,10.3,61.91,,8.1,,89.0,,0.0,0.0,0.0,1.4,0.0,1016.5,"Mist, Smoke Or Haze",22.5705,88.3713,"Kolkata, WB, India","Kolkata, WB, India",,Clear
"Kolkata,West Bengal,India",02/04/2021,14.0,27.0,19.8,11.0,59.98,26.6,6.9,,91.92,,0.0,0.0,0.0,1.6,0.0,1016.0,"Mist, Smoke Or Haze",22.5705,88.3713,"Kolkata, WB, India","Kolkata, WB, India",,Clear
"Kolkata,West Bengal,India",02/05/2021,14.0,28.0,21.2,12.1,59.81,27.2,5.8,,78.22,,0.0,0.0,0.0,1.8,0.0,1014.7,"Mist, Smoke Or Haze",22.5705,88.3713,"Kolkata, WB, India","Kolkata, WB, India",,Clear
"Kolkata,West Bengal,India",02/06/2021,16.1,27.1,21.4,13.0,60.86,27.0,8.1,,157.83,,0.0,0.0,0.0,1.8,4.5,1014.2,"Mist, Smoke Or Haze",22.5705,88.3713,"Kolkata, WB, India","Kolkata, WB, India",,Clear
"Kolkata,West Bengal,India",02/07/2021,17.2,24.5,20.6,13.6,65.36,,11.4,,141.58,,0.32,4.17,0.0,1.7,43.3,1015.4,"Mist, Thunderstorm, Light Rain, Sky Coverage Increasing, Smoke Or Haze",22.5705,88.3713,"Kolkata, WB, India","Kolkata, WB, India",,"Rain, Partially cloudy"
"Kolkata,West Bengal,India",02/08/2021,15.0,26.0,19.9,11.8,62.08,,9.2,,206.71,,0.0,0.0,0.0,2.1,0.0,1015.4,"Mist, Smoke Or Haze",22.5705,88.3713,"Kolkata, WB, India","Kolkata, WB, India",,Clear
"Kolkata,West Bengal,India",02/09/2021,14.6,27.0,20.5,11.3,59.31,26.5,5.8,,106.26,,0.0,0.0,0.0,2.0,0.0,1014.7,"Mist, Smoke Or Haze",22.5705,88.3713,"Kolkata, WB, India","Kolkata, WB, India",,Clear
"Kolkata,West Bengal,India",02/10/2021,14.0,28.0,21.2,12.7,61.7,27.3,6.9,,55.95,,0.0,0.0,0.0,1.8,1.4,1012.9,"Mist, Smoke Or Haze",22.5705,88.3713,"Kolkata, WB, India","Kolkata, WB, India",,Clear
"Kolkata,West Bengal,India",02/11/2021,15.9,29.0,21.9,14.8,67.19,28.5,5.8,,63.68,,0.0,0.0,0.0,1.4,2.8,1012.9,"Mist, Smoke Or Haze",22.5705,88.3713,"Kolkata, WB, India","Kolkata, WB, India",,Clear
"Kolkata,West Bengal,India",02/12/2021,18.0,29.0,23.2,14.1,61.57,27.8,6.9,,109.41,,0.0,0.0,0.0,1.7,30.9,,,22.5705,88.3713,"Kolkata, WB, India","Kolkata, WB, India",,Partially cloudy
"Kolkata,West Bengal,India",02/13/2021,17.0,29.0,22.8,16.8,70.89,29.4,3.4,,23.24,,0.0,0.0,0.0,1.3,11.8,1013.5,"Mist, Smoke Or Haze",22.5705,88.3713,"Kolkata, WB, India","Kolkata, WB, India",,Clear
"Kolkata,West Bengal,India",02/14/2021,20.0,29.0,24.1,18.7,73.64,29.8,5.8,,125.7,,0.0,0.0,0.0,1.3,3.3,1013.2,"Mist, Fog, Sky Coverage Decreasing, Smoke Or Haze",22.5705,88.3713,"Kolkata, WB, India","Kolkata, WB, India",,Clear
"Kolkata,West Bengal,India",02/15/2021,20.8,30.0,24.2,17.8,70.79,30.0,6.9,,89.79,,0.0,0.0,0.0,1.6,16.4,1011.9,"Mist, Fog, Smoke Or Haze",22.5705,88.3713,"Kolkata, WB, India","Kolkata, WB, India",,Clear
"Kolkata,West Bengal,India",02/16/2021,20.0,31.0,24.5,17.8,70.09,30.1,3.8,,96.65,,0.0,0.0,0.0,1.4,0.7,1012.1,"Mist, Fog, Smoke Or Haze",22.5705,88.3713,"Kolkata, WB, India","Kolkata, WB, India",,Clear
"Kolkata,West Bengal,India",02/17/2021,19.0,27.1,22.7,17.9,75.23,28.1,13.9,,115.46,,0.0,0.0,0.0,1.1,39.8,1013.5,"Mist, Fog, Smoke Or Haze",22.5705,88.3713,"Kolkata, WB, India","Kolkata, WB, India",,Partially cloudy
"Kolkata,West Bengal,India",02/18/2021,18.0,30.0,23.6,15.4,63.62,29.6,5.8,,121.71,,0.0,0.0,0.0,1.4,21.0,1014.9,"Mist, Smoke Or Haze",22.5705,88.3713,"Kolkata, WB, India","Kolkata, WB, India",,Clear
"Kolkata,West Bengal,India",02/19/2021,20.0,30.0,24.4,16.7,64.24,29.7,9.2,,67.46,,0.0,0.0,0.0,1.5,45.0,1016.1,"Mist, Smoke Or Haze",22.5705,88.3713,"Kolkata, WB, India","Kolkata, WB, India",,Partially cloudy
"Kolkata,West Bengal,India",02/20/2021,20.7,28.0,23.7,17.1,68.12,28.2,9.2,,134.55,,0.0,0.0,0.0,1.6,66.0,1016.5,Smoke Or Haze,22.5705,88.3713,"Kolkata, WB, India","Kolkata, WB, India",,Partially cloudy
"Kolkata,West Bengal,India",02/21/2021,18.0,30.0,24.0,14.5,58.32,29.4,6.9,,90.83,,0.0,0.0,0.0,1.7,24.7,1015.6,"Mist, Smoke Or Haze",22.5705,88.3713,"Kolkata, WB, India","Kolkata, WB, India",,Clear
"Kolkata,West Bengal,India",02/22/2021,18.0,30.0,24.2,15.4,60.74,29.8,6.9,,56.0,,0.0,0.0,0.0,1.6,0.0,1014.0,"Mist, Smoke Or Haze",22.5705,88.3713,"Kolkata, WB, India","Kolkata, WB, India",,Clear
"Kolkata,West Bengal,India",02/23/2021,19.7,32.0,25.5,16.3,59.79,31.3,9.2,,85.04,,0.0,0.0,0.0,1.5,0.0,1011.9,"Mist, Smoke Or Haze",22.5705,88.3713,"Kolkata, WB, India","Kolkata, WB, India",,Clear
"Kolkata,West Bengal,India",02/24/2021,21.9,32.0,26.0,18.6,66.91,32.0,8.1,,113.09,,0.0,0.0,0.0,1.6,5.3,1010.2,"Mist, Fog, Smoke Or Haze",22.5705,88.3713,"Kolkata, WB, India","Kolkata, WB, India",,Clear
"Kolkata,West Bengal,India",02/25/2021,20.9,34.0,27.3,15.5,53.88,32.5,9.2,,174.96,,0.0,0.0,0.0,1.8,0.0,1009.0,"Mist, Fog, Smoke Or Haze",22.5705,88.3713,"Kolkata, WB, India","Kolkata, WB, India",,Clear
"Kolkata,West Bengal,India",02/26/2021,22.0,35.0,27.7,18.3,61.29,34.1,8.1,,136.42,,0.0,0.0,0.0,1.7,2.2,1006.7,"Mist, Fog, Smoke Or Haze",22.5705,88.3713,"Kolkata, WB, India","Kolkata, WB, India",,Clear
"Kolkata,West Bengal,India",02/27/2021,21.9,34.6,28.3,14.7,49.64,33.0,11.4,,158.42,,0.0,0.0,0.0,2.1,3.8,1007.2,"Mist, Fog, Smoke Or Haze",22.5705,88.3713,"Kolkata, WB, India","Kolkata, WB, India",,Clear
"Kolkata,West Bengal,India",02/28/2021,23.5,36.0,28.9,17.8,57.38,34.7,9.2,,208.83,,0.0,0.0,0.0,2.2,17.7,1008.4,"Mist, Fog, Smoke Or Haze",22.5705,88.3713,"Kolkata, WB, India","Kolkata, WB, India",,Clear
"Kolkata,West Bengal,India",03/01/2021,24.0,35.0,28.1,19.8,66.57,34.8,9.2,,155.88,,0.0,0.0,0.0,1.8,24.6,1011.1,"Mist, Smoke Or Haze",22.5705,88.3713,"Kolkata, WB, India","Kolkata, WB, India",,Clear
"Kolkata,West Bengal,India",03/02/2021,23.0,32.9,27.7,21.8,73.17,34.8,6.9,,112.26,,0.0,0.0,0.0,1.8,15.1,1011.4,"Mist, Fog, Smoke Or Haze",22.5705,88.3713,"Kolkata, WB, India","Kolkata, WB, India",,Clear
"Kolkata,West Bengal,India",03/03/2021,22.0,32.0,26.8,15.4,53.49,30.8,10.3,,160.83,,0.0,0.0,0.0,2.0,12.5,1011.0,"Mist, Smoke Or Haze",22.5705,88.3713,"Kolkata, WB, India","Kolkata, WB, India",,Clear
"Kolkata,West Bengal,India",03/04/2021,20.0,33.0,26.7,16.4,56.65,32.2,8.1,,128.29,,0.0,0.0,0.0,1.8,0.0,1011.0,"Mist, Smoke Or Haze",22.5705,88.3713,"Kolkata, WB, India","Kolkata, WB, India",,Clear
"Kolkata,West Bengal,India",03/05/2021,24.0,33.0,27.5,21.5,71.86,35.3,8.1,,194.5,,0.0,0.0,0.0,1.8,14.1,1009.8,"Mist, Smoke Or Haze",22.5705,88.3713,"Kolkata, WB, India","Kolkata, WB, India",,Clear
"Kolkata,West Bengal,India",03/06/2021,22.9,35.0,28.4,17.9,57.31,34.6,9.2,,179.75,,0.0,0.0,0.0,2.0,5.2,1009.3,"Mist, Smoke Or Haze",22.5705,88.3713,"Kolkata, WB, India","Kolkata, WB, India",,Clear
"Kolkata,West Bengal,India",03/07/2021,21.0,33.7,27.4,19.4,65.8,33.7,5.8,,97.58,,0.0,0.0,0.0,1.8,3.1,1010.8,"Mist, Fog, Smoke Or Haze",22.5705,88.3713,"Kolkata, WB, India","Kolkata, WB, India",,Clear
"Kolkata,West Bengal,India",03/08/2021,25.0,33.2,27.8,21.8,72.53,35.7,10.3,,161.46,,0.0,0.0,0.0,1.8,26.8,1011.7,"Mist, Smoke Or Haze",22.5705,88.3713,"Kolkata, WB, India","Kolkata, WB, India",,Partially cloudy
"Kolkata,West Bengal,India",03/09/2021,24.0,32.6,27.2,22.7,77.56,36.0,11.4,,192.92,,0.0,0.0,0.0,1.9,28.3,1010.9,"Mist, Smoke Or Haze",22.5705,88.3713,"Kolkata, WB, India","Kolkata, WB, India",,Partially cloudy
"Kolkata,West Bengal,India",03/10/2021,24.0,30.3,26.9,23.4,81.88,35.1,9.2,,164.33,,0.0,0.0,0.0,2.0,57.1,1011.2,"Mist, Light Rain, Smoke Or Haze",22.5705,88.3713,"Kolkata, WB, India","Kolkata, WB, India",,Partially cloudy
"Kolkata,West Bengal,India",03/11/2021,24.0,31.6,27.5,24.0,81.85,37.8,5.8,,119.54,,0.0,0.0,0.0,2.0,48.4,1012.3,"Mist, Smoke Or Haze",22.5705,88.3713,"Kolkata, WB, India","Kolkata, WB, India",,Partially cloudy
"Kolkata,West Bengal,India",03/12/2021,24.9,31.3,27.6,23.5,79.36,35.5,4.7,,56.88,,0.0,0.0,0.0,1.8,33.6,1013.8,"Mist, Smoke Or Haze",22.5705,88.3713,"Kolkata, WB, India","Kolkata, WB, India",,Partially cloudy
"Kolkata,West Bengal,India",03/13/2021,22.0,30.6,25.9,20.5,73.17,33.9,20.8,28.9,198.25,,0.0,0.0,0.0,1.6,51.1,1013.7,"Mist, Fog, Sky Unchanged, Smoke Or Haze",22.5705,88.3713,"Kolkata, WB, India","Kolkata, WB, India",,Partially cloudy
"Kolkata,West Bengal,India",03/14/2021,20.0,32.1,25.7,17.2,62.73,32.1,6.9,,121.92,,0.0,0.0,0.0,2.1,9.4,1011.4,"Mist, Smoke Or Haze",22.5705,88.3713,"Kolkata, WB, India","Kolkata, WB, India",,Clear
"Kolkata,West Bengal,India",03/15/2021,23.0,34.1,28.2,18.1,56.88,35.2,6.9,,198.96,,0.0,0.0,0.0,2.2,15.7,1010.1,"Mist, Smoke Or Haze",22.5705,88.3713,"Kolkata, WB, India","Kolkata, WB, India",,Clear
"Kolkata,West Bengal,India",03/16/2021,24.0,35.1,28.7,17.4,55.75,34.2,11.4,,143.88,,0.0,0.0,0.0,2.2,4.0,1009.7,"Mist, Smoke Or Haze",22.5705,88.3713,"Kolkata, WB, India","Kolkata, WB, India",,Clear
"Kolkata,West Bengal,India",03/17/2021,24.0,35.6,29.4,15.7,48.16,34.2,5.8,,127.73,,0.0,0.0,0.0,2.0,6.6,1009.2,"Mist, Fog, Smoke Or Haze",22.5705,88.3713,"Kolkata, WB, India","Kolkata, WB, India",,Clear
"Kolkata,West Bengal,India",03/18/2021,23.0,35.0,29.2,16.1,49.72,33.7,12.8,,95.61,,0.0,0.0,0.0,1.9,21.5,1009.1,"Mist, Smoke Or Haze",22.5705,88.3713,"Kolkata, WB, India","Kolkata, WB, India",,Clear
"Kolkata,West Bengal,India",03/19/2021,23.0,36.0,29.6,14.9,45.78,34.1,10.3,,114.09,,0.0,0.0,0.0,2.1,34.7,1008.4,"Mist, Smoke Or Haze",22.5705,88.3713,"Kolkata, WB, India","Kolkata, WB, India",,Partially cloudy
"Kolkata,West Bengal,India",03/20/2021,24.0,36.1,30.2,17.5,50.11,35.1,5.8,,134.0,,0.0,0.0,0.0,2.0,32.3,1006.5,"Mist, Smoke Or Haze",22.5705,88.3713,"Kolkata, WB, India","Kolkata, WB, India",,Partially cloudy
"Kolkata,West Bengal,India",03/21/2021,25.0,36.4,30.3,20.5,59.28,36.9,5.8,,65.17,,0.0,0.0,0.0,1.8,38.5,1007.1,"Mist, Smoke Or Haze",22.5705,88.3713,"Kolkata, WB, India","Kolkata, WB, India",,Partially cloudy
"Kolkata,West Bengal,India",03/22/2021,25.0,36.7,30.7,20.5,57.64,39.2,6.9,,76.73,,0.0,0.0,0.0,1.8,19.5,1009.5,"Mist, Fog, Smoke Or Haze",22.5705,88.3713,"Kolkata, WB, India","Kolkata, WB, India",,Clear
"Kolkata,West Bengal,India",03/23/2021,25.0,36.2,30.7,20.1,55.99,38.4,8.1,,124.48,,0.0,0.0,0.0,2.0,16.5,1010.3,"Mist, Fog, Smoke Or Haze",22.5705,88.3713,"Kolkata, WB, India","Kolkata, WB, India",,Clear
"Kolkata,West Bengal,India",03/24/2021,26.0,36.7,30.7,20.4,57.31,37.7,9.2,,112.58,,0.0,0.0,0.0,2.0,31.1,1009.0,"Mist, Smoke Or Haze",22.5705,88.3713,"Kolkata, WB, India","Kolkata, WB, India",,Partially cloudy
"Kolkata,West Bengal,India",03/25/2021,26.0,37.2,31.2,15.5,43.24,35.4,10.3,,118.83,,0.0,0.0,0.0,2.2,16.2,1008.7,"Mist, Smoke Or Haze",22.5705,88.3713,"Kolkata, WB, India","Kolkata, WB, India",,Clear
"Kolkata,West Bengal,India",03/26/2021,25.6,36.1,30.8,15.2,41.15,34.9,6.9,,104.65,,0.0,0.0,0.0,2.0,53.6,1008.9,Smoke Or Haze,22.5705,88.3713,"Kolkata, WB, India","Kolkata, WB, India",,Partially cloudy
"Kolkata,West Bengal,India",03/27/2021,24.0,35.6,30.0,17.5,48.91,36.5,9.2,,94.33,,0.0,0.0,0.0,2.2,17.0,1008.0,Smoke Or Haze,22.5705,88.3713,"Kolkata, WB, India","Kolkata, WB, India",,Clear
"Kolkata,West Bengal,India",03/28/2021,25.0,35.0,30.0,22.5,66.32,38.6,9.2,,138.0,,0.0,0.0,0.0,1.9,23.1,1006.4,"Mist, Smoke Or Haze",22.5705,88.3713,"Kolkata, WB, India","Kolkata, WB, India",,Clear
"Kolkata,West Bengal,India",03/29/2021,25.0,36.1,29.9,24.7,75.48,43.5,11.4,,191.21,,0.0,0.0,0.0,1.9,18.1,1004.2,"Mist, Smoke Or Haze",22.5705,88.3713,"Kolkata, WB, India","Kolkata, WB, India",,Clear
"Kolkata,West Bengal,India",03/30/2021,27.8,37.7,31.3,25.8,74.41,46.0,12.8,,225.42,,0.0,0.0,0.0,1.9,28.8,999.4,"Mist, Smoke Or Haze",22.5705,88.3713,"Kolkata, WB, India","Kolkata, WB, India",,Partially cloudy
"Kolkata,West Bengal,India",03/31/2021,27.6,39.0,32.3,22.6,61.74,42.1,9.2,,214.13,,0.0,0.0,0.0,2.2,10.3,997.7,"Mist, Smoke Or Haze",22.5705,88.3713,"Kolkata, WB, India","Kolkata, WB, India",,Clear
"Kolkata,West Bengal,India",04/01/2021,26.0,38.4,31.2,22.0,65.57,39.6,12.8,,154.08,,0.0,0.0,0.0,1.9,9.5,1000.9,"Mist, Smoke Or Haze",22.5705,88.3713,"Kolkata, WB, India","Kolkata, WB, India",,Clear
"Kolkata,West Bengal,India",04/02/2021,27.0,35.1,30.4,23.2,68.5,39.2,11.4,,113.79,,0.0,0.0,0.0,2.1,28.8,1004.5,"Mist, Smoke Or Haze",22.5705,88.3713,"Kolkata, WB, India","Kolkata, WB, India",,Partially cloudy
"Kolkata,West Bengal,India",04/03/2021,27.0,36.0,30.6,23.9,70.26,41.9,9.2,,192.46,,0.0,0.0,0.0,2.0,40.2,1006.4,"Mist, Smoke Or Haze",22.5705,88.3713,"Kolkata, WB, India","Kolkata, WB, India",,Partially cloudy
"Kolkata,West Bengal,India",04/04/2021,22.0,36.0,29.9,21.4,63.81,40.6,20.8,,120.13,,0.08,4.17,0.0,2.1,40.8,1007.5,"Lightning Without Thunder, Mist, Thunderstorm, Thunderstorm Without Precipitation, Sky Coverage Decreasing, Sky Coverage Increasing, Smoke Or Haze",22.5705,88.3713,"Kolkata, WB, India","Kolkata, WB, India",,"Rain, Partially cloudy"
"Kolkata,West Bengal,India",04/05/2021,23.0,34.0,28.1,20.7,64.73,38.3,8.1,,96.04,,27.1,8.33,0.0,2.1,27.7,1009.1,"Mist, Thunderstorm, Smoke Or Haze",22.5705,88.3713,"Kolkata, WB, India","Kolkata, WB, India",,"Rain, Partially cloudy"
"Kolkata,West Bengal,India",04/06/2021,25.6,35.9,29.6,21.9,66.13,36.7,13.9,,142.43,,0.0,0.0,0.0,2.0,12.7,1008.6,"Mist, Smoke Or Haze",22.5705,88.3713,"Kolkata, WB, India","Kolkata, WB, India",,Clear
"Kolkata,West Bengal,India",04/07/2021,26.0,34.0,29.3,23.8,73.53,40.6,13.9,,171.5,,0.0,0.0,0.0,2.2,26.8,1008.7,"Mist, Smoke Or Haze",22.5705,88.3713,"Kolkata, WB, India","Kolkata, WB, India",,Partially cloudy
"Kolkata,West Bengal,India",04/08/2021,26.6,34.0,29.6,24.9,77.12,40.6,17.2,,214.04,,0.0,0.0,0.0,2.1,58.9,1007.0,"Mist, Smoke Or Haze",22.5705,88.3713,"Kolkata, WB, India","Kolkata, WB, India",,Partially cloudy
"Kolkata,West Bengal,India",04/09/2021,26.7,34.0,30.0,24.6,73.86,42.0,16.1,,182.71,,0.0,0.0,0.0,2.2,63.1,1008.1,Smoke Or Haze,22.5705,88.3713,"Kolkata, WB, India","Kolkata, WB, India",,Partially cloudy
"Kolkata,West Bengal,India",04/10/2021,27.4,35.1,30.5,24.6,73.46,40.6,11.4,,215.08,,0.0,0.0,0.0,2.1,54.4,1009.5,"Mist, Smoke Or Haze",22.5705,88.3713,"Kolkata, WB, India","Kolkata, WB, India",,Partially cloudy
"Kolkata,West Bengal,India",04/11/2021,26.8,36.0,31.0,21.9,62.37,40.8,11.4,,214.08,,0.0,0.0,0.0,2.1,35.2,1010.2,"Mist, Smoke Or Haze",22.5705,88.3713,"Kolkata, WB, India","Kolkata, WB, India",,Partially cloudy
"Kolkata,West Bengal,India",04/12/2021,27.0,37.0,31.3,22.9,63.04,41.0,9.2,,210.92,,0.0,0.0,0.0,2.2,51.0,1010.2,"Mist, Smoke Or Haze",22.5705,88.3713,"Kolkata, WB, India","Kolkata, WB, India",,Partially cloudy
"Kolkata,West Bengal,India",04/13/2021,27.1,37.0,31.2,23.9,67.6,43.2,11.4,,214.67,,0.0,0.0,0.0,2.3,31.4,1009.1,Smoke Or Haze,22.5705,88.3713,"Kolkata, WB, India","Kolkata, WB, India",,Partially cloudy
"Kolkata,West Bengal,India",04/14/2021,27.0,38.0,31.4,24.3,69.24,43.7,13.9,,217.17,,0.0,0.0,0.0,2.3,32.3,1007.7,Smoke Or Haze,22.5705,88.3713,"Kolkata, WB, India","Kolkata, WB, India",,Partially cloudy
"Kolkata,West Bengal,India",04/15/2021,27.0,36.0,31.1,24.3,70.01,41.9,11.4,,204.04,,0.0,0.0,0.0,2.3,52.8,1006.6,Smoke Or Haze,22.5705,88.3713,"Kolkata, WB, India","Kolkata, WB, India",,Partially cloudy
"Kolkata,West Bengal,India",04/16/2021,27.9,34.3,30.7,23.4,67.26,40.6,13.9,,174.88,,0.0,0.0,0.0,2.0,67.1,1006.8,Smoke Or Haze,22.5705,88.3713,"Kolkata, WB, India","Kolkata, WB, India",,Partially cloudy
"Kolkata,West Bengal,India",04/17/2021,23.0,33.6,28.9,23.2,72.38,39.3,13.9,,171.46,,0.22,8.33,0.0,2.3,45.2,1009.1,"Thunderstorm, Thunderstorm Without Precipitation, Sky Coverage Decreasing, Sky Coverage Increasing, Smoke Or Haze",22.5705,88.3713,"Kolkata, WB, India","Kolkata, WB, India",,"Rain, Partially cloudy"
"Kolkata,West Bengal,India",04/18/2021,24.0,34.0,29.4,23.3,70.61,40.6,13.9,,166.08,,0.0,0.0,0.0,2.4,50.7,1008.5,"Mist, Smoke Or Haze",22.5705,88.3713,"Kolkata, WB, India","Kolkata, WB, India",,Partially cloudy
"Kolkata,West Bengal,India",04/19/2021,26.0,38.0,31.4,19.6,55.35,38.3,11.4,,254.88,,0.0,0.0,0.0,2.3,19.9,1006.1,Smoke Or Haze,22.5705,88.3713,"Kolkata, WB, India","Kolkata, WB, India",,Clear
"Kolkata,West Bengal,India",04/20/2021,27.9,37.0,31.6,25.5,71.63,47.6,16.1,,220.5,,0.0,0.0,0.0,2.4,27.7,1006.0,Smoke Or Haze,22.5705,88.3713,"Kolkata, WB, India","Kolkata, WB, India",,Partially cloudy
"Kolkata,West Bengal,India",04/21/2021,23.8,37.0,31.1,24.9,71.15,45.0,16.1,,202.17,,8.91,4.17,0.0,2.4,41.4,1007.4,"Thunderstorm, Thunderstorm Without Precipitation, Smoke Or Haze",22.5705,88.3713,"Kolkata, WB, India","Kolkata, WB, India",,"Rain, Partially cloudy"
"Kolkata,West Bengal,India",04/22/2021,24.3,31.0,27.7,23.5,78.35,37.7,13.9,,101.91,,0.0,0.0,0.0,1.9,70.8,1008.5,"Mist, Thunderstorm, Rain, Thunderstorm Without Precipitation, Light Rain, Sky Coverage Increasing, Smoke Or Haze",22.5705,88.3713,"Kolkata, WB, India","Kolkata, WB, India",,Partially cloudy
"Kolkata,West Bengal,India",04/23/2021,25.5,37.0,30.5,19.8,58.41,37.0,8.1,,202.0,,0.0,0.0,0.0,2.1,52.9,1008.1,"Mist, Smoke Or Haze",22.5705,88.3713,"Kolkata, WB, India","Kolkata, WB, India",,Partially cloudy
"Kolkata,West Bengal,India",04/24/2021,25.0,38.1,32.3,20.1,52.02,40.5,10.3,,151.0,,0.0,0.0,0.0,2.2,27.1,1006.6,"Mist, Smoke Or Haze",22.5705,88.3713,"Kolkata, WB, India","Kolkata, WB, India",,Partially cloudy
"Kolkata,West Bengal,India",04/25/2021,28.3,39.2,33.1,21.9,54.39,43.8,11.4,,201.5,,0.0,0.0,0.0,2.5,19.2,1005.9,Smoke Or Haze,22.5705,88.3713,"Kolkata, WB, India","Kolkata, WB, India",,Clear
"Kolkata,West Bengal,India",04/26/2021,28.1,39.0,32.7,22.3,59.19,41.9,13.9,,209.33,,0.0,0.0,0.0,2.4,20.4,1005.3,Smoke Or Haze,22.5705,88.3713,"Kolkata, WB, India","Kolkata, WB, India",,Clear
"Kolkata,West Bengal,India",04/27/2021,27.9,38.1,32.1,25.5,70.5,46.3,11.4,,215.08,,0.0,0.0,0.0,2.3,27.5,1006.1,Smoke Or Haze,22.5705,88.3713,"Kolkata, WB, India","Kolkata, WB, India",,Partially cloudy
"Kolkata,West Bengal,India",04/28/2021,28.0,36.4,31.4,26.1,74.62,46.3,12.8,,177.29,,0.0,0.0,0.0,2.3,30.7,1008.0,Smoke Or Haze,22.5705,88.3713,"Kolkata, WB, India","Kolkata, WB, India",,Partially cloudy
"Kolkata,West Bengal,India",04/29/2021,27.0,36.0,31.1,23.1,64.53,41.9,11.4,,155.54,,0.0,0.0,0.0,2.4,20.8,1008.3,"Mist, Smoke Or Haze",22.5705,88.3713,"Kolkata, WB, India","Kolkata, WB, India",,Clear
"Kolkata,West Bengal,India",04/30/2021,27.0,36.0,31.0,22.1,60.39,40.6,17.2,,201.08,,0.0,0.0,0.0,2.2,32.7,1007.5,"Sky Coverage Increasing, Smoke Or Haze",22.5705,88.3713,"Kolkata, WB, India","Kolkata, WB, India",,Partially cloudy
"Kolkata,West Bengal,India",05/01/2021,26.0,36.0,30.9,20.2,54.44,38.9,10.3,,172.25,,0.0,0.0,0.0,2.6,26.8,1007.7,Smoke Or Haze,22.5705,88.3713,"Kolkata, WB, India","Kolkata, WB, India",,Partially cloudy
"Kolkata,West Bengal,India",05/02/2021,24.9,35.4,29.1,23.7,73.99,42.5,19.7,,174.42,,0.98,8.33,0.0,2.1,53.0,1008.0,"Thunderstorm, Thunderstorm Without Precipitation, Light Rain, Sky Coverage Increasing, Smoke Or Haze",22.5705,88.3713,"Kolkata, WB, India","Kolkata, WB, India",,"Rain, Partially cloudy"
"Kolkata,West Bengal,India",05/03/2021,23.2,35.0,28.6,21.2,66.69,38.3,16.1,,181.13,,1.62,4.17,0.0,2.3,52.0,1006.9,"Mist, Thunderstorm, Thunderstorm Without Precipitation, Light Rain, Smoke Or Haze",22.5705,88.3713,"Kolkata, WB, India","Kolkata, WB, India",,"Rain, Partially cloudy"
"Kolkata,West Bengal,India",05/04/2021,21.0,29.3,25.3,22.4,84.51,33.6,8.1,,87.04,,21.41,12.5,0.0,1.7,76.5,1008.2,"Drizzle, Thunderstorm, Rain, Thunderstorm Without Precipitation, Light Rain, Sky Coverage Increasing, Smoke Or Haze",22.5705,88.3713,"Kolkata, WB, India","Kolkata, WB, India",,"Rain, Overcast"
"Kolkata,West Bengal,India",05/05/2021,24.0,33.0,26.6,23.1,82.16,39.3,13.9,,132.63,,0.73,8.33,0.0,1.9,66.2,1008.3,"Mist, Thunderstorm, Thunderstorm Without Precipitation, Light Rain, Sky Coverage Increasing, Smoke Or Haze",22.5705,88.3713,"Kolkata, WB, India","Kolkata, WB, India",,"Rain, Partially cloudy"
"Kolkata,West Bengal,India",05/06/2021,23.0,34.3,28.4,23.1,74.4,41.5,6.9,,124.05,,10.52,9.52,0.0,2.2,58.9,1009.2,"Thunderstorm, Smoke Or Haze",22.5705,88.3713,"Kolkata, WB, India","Kolkata, WB, India",,"Rain, Partially cloudy"
"Kolkata,West Bengal,India",05/07/2021,25.0,35.1,29.1,23.3,71.95,42.0,16.1,,118.7,,0.41,5.0,0.0,2.5,58.7,1009.8,"Thunderstorm Without Precipitation, Sky Coverage Increasing, Smoke Or Haze",22.5705,88.3713,"Kolkata, WB, India","Kolkata, WB, India",,"Rain, Partially cloudy"
"Kolkata,West Bengal,India",05/08/2021,26.0,34.3,30.0,23.6,69.71,39.4,9.2,,95.83,,0.0,0.0,0.0,2.4,41.2,1008.5,Smoke Or Haze,22.5705,88.3713,"Kolkata, WB, India","Kolkata, WB, India",,Partially cloudy
"Kolkata,West Bengal,India",05/09/2021,23.0,35.0,28.3,24.5,81.41,42.0,23.0,34.4,182.13,,29.28,8.33,0.0,2.5,64.9,1007.3,"Thunderstorm, Thunderstorm Without Precipitation, Light Rain, Sky Coverage Increasing, Smoke Or Haze",22.5705,88.3713,"Kolkata, WB, India","Kolkata, WB, India",,"Rain, Partially cloudy"
"Kolkata,West Bengal,India",05/10/2021,24.0,34.0,28.4,24.8,81.7,45.3,16.1,,122.88,,0.0,0.0,0.0,2.2,56.9,1005.9,"Mist, Light Drizzle, Sky Unchanged, Smoke Or Haze",22.5705,88.3713,"Kolkata, WB, India","Kolkata, WB, India",,Partially cloudy
"Kolkata,West Bengal,India",05/11/2021,23.0,33.6,26.9,24.9,89.13,44.1,13.9,,109.79,,99.82,4.17,0.0,1.9,74.0,1005.4,"Mist, Light Drizzle, Thunderstorm, Rain, Light Rain, Sky Coverage Increasing, Smoke Or Haze",22.5705,88.3713,"Kolkata, WB, India","Kolkata, WB, India",,"Rain, Partially cloudy"
"Kolkata,West Bengal,India",05/12/2021,22.0,32.1,27.1,24.1,84.73,40.9,23.0,34.4,94.3,,11.09,8.33,0.0,1.9,68.4,1004.2,"Mist, Thunderstorm, Dust storm, Sky Coverage Increasing, Smoke Or Haze",22.5705,88.3713,"Kolkata, WB, India","Kolkata, WB, India",,"Rain, Partially cloudy"
"Kolkata,West Bengal,India",05/13/2021,24.2,31.2,27.7,24.1,81.5,37.7,17.2,,110.75,,0.9,12.5,0.0,2.0,63.1,1003.6,"Thunderstorm, Rain, Light Rain, Sky Coverage Decreasing, Sky Coverage Increasing, Sky Unchanged, Smoke Or Haze",22.5705,88.3713,"Kolkata, WB, India","Kolkata, WB, India",,"Rain, Partially cloudy"
"Kolkata,West Bengal,India",05/14/2021,24.8,35.0,30.1,25.0,75.52,43.8,5.8,,135.79,,0.0,0.0,0.0,2.4,33.7,1003.0,Smoke Or Haze,22.5705,88.3713,"Kolkata, WB, India","Kolkata, WB, India",,Partially cloudy
"Kolkata,West Bengal,India",05/15/2021,28.0,37.0,31.9,26.5,74.69,48.7,11.4,,180.63,,0.0,0.0,0.0,2.7,36.5,1004.3,Smoke Or Haze,22.5705,88.3713,"Kolkata, WB, India","Kolkata, WB, India",,Partially cloudy
"Kolkata,West Bengal,India",05/16/2021,29.0,35.7,31.8,27.1,76.99,51.0,11.4,,193.58,,0.0,0.0,0.0,2.4,44.5,1005.4,Smoke Or Haze,22.5705,88.3713,"Kolkata, WB, India","Kolkata, WB, India",,Partially cloudy
"Kolkata,West Bengal,India",05/17/2021,29.0,37.0,32.5,27.1,74.64,49.7,11.4,,184.0,,0.0,0.0,0.0,2.7,30.5,1005.2,Smoke Or Haze,22.5705,88.3713,"Kolkata, WB, India","Kolkata, WB, India",,Partially cloudy
"Kolkata,West Bengal,India",05/18/2021,26.8,38.4,32.5,27.5,76.55,51.7,23.0,34.4,206.54,,0.19,4.17,0.0,2.3,46.3,1004.7,"Thunderstorm Without Precipitation, Smoke Or Haze",22.5705,88.3713,"Kolkata, WB, India","Kolkata, WB, India",,"Rain, Partially cloudy"
"Kolkata,West Bengal,India",05/19/2021,25.9,36.4,31.8,27.0,76.8,52.0,9.2,,172.33,,1.62,4.17,0.0,2.2,50.8,1004.2,"Thunderstorm Without Precipitation, Sky Coverage Decreasing, Smoke Or Haze",22.5705,88.3713,"Kolkata, WB, India","Kolkata, WB, India",,"Rain, Partially cloudy"
"Kolkata,West Bengal,India",05/20/2021,29.3,36.0,32.6,27.2,74.58,48.1,10.3,,193.13,,0.0,0.0,0.0,2.5,38.8,1004.3,Smoke Or Haze,22.5705,88.3713,"Kolkata, WB, India","Kolkata, WB, India",,Partially cloudy
"Kolkata,West Bengal,India",05/21/2021,29.6,37.0,32.8,26.3,70.35,46.7,9.2,,201.04,,0.0,0.0,0.0,3.2,44.1,1004.0,Smoke Or Haze,22.5705,88.3713,"Kolkata, WB, India","Kolkata, WB, India",,Partially cloudy
"Kolkata,West Bengal,India",05/22/2021,29.0,36.0,31.7,27.5,79.34,48.1,11.4,,127.96,,1.07,4.17,0.0,2.1,62.5,1002.3,"Thunderstorm, Thunderstorm Without Precipitation, Smoke Or Haze",22.5705,88.3713,"Kolkata, WB, India","Kolkata, WB, India",,"Rain, Partially cloudy"
"Kolkata,West Bengal,India",05/23/2021,29.5,37.0,32.9,27.2,73.26,47.3,9.2,,83.13,,0.0,0.0,0.0,2.4,44.8,1001.7,"Mist, Smoke Or Haze",22.5705,88.3713,"Kolkata, WB, India","Kolkata, WB, India",,Partially cloudy
"Kolkata,West Bengal,India",05/24/2021,26.0,33.0,29.0,26.9,88.79,47.9,11.4,,72.79,,32.96,16.67,0.0,2.0,87.1,1000.9,"Thunderstorm, Rain, Thunderstorm Without Precipitation, Light Rain, Sky Coverage Increasing, Smoke Or Haze",22.5705,88.3713,"Kolkata, WB, India","Kolkata, WB, India",,"Rain, Overcast"
"Kolkata,West Bengal,India",05/25/2021,26.6,30.5,27.8,26.1,90.43,38.9,16.1,25.3,36.38,,5.78,12.5,0.0,2.1,89.9,996.6,"Rain, Thunderstorm, Light Rain, Sky Coverage Increasing, Smoke Or Haze",22.5705,88.3713,"Kolkata, WB, India","Kolkata, WB, India",,"Rain, Overcast"
"Kolkata,West Bengal,India",05/26/2021,25.0,29.1,27.1,25.6,91.6,36.1,23.0,34.4,85.63,,33.08,25.0,0.0,2.0,95.4,992.1,"Drizzle, Rain, Thunderstorm, Light Rain, Sky Coverage Decreasing, Sky Coverage Increasing, Smoke Or Haze",22.5705,88.3713,"Kolkata, WB, India","Kolkata, WB, India",,"Rain, Overcast"
"Kolkata,West Bengal,India",05/27/2021,26.0,32.0,28.1,26.6,91.84,46.2,23.0,34.4,157.13,,92.96,34.78,0.0,1.6,94.9,997.5,"Thunderstorm, Rain, Light Rain, Sky Coverage Decreasing, Sky Coverage Increasing, Smoke Or Haze",22.5705,88.3713,"Kolkata, WB, India","Kolkata, WB, India",,"Rain, Overcast"
"Kolkata,West Bengal,India",05/28/2021,28.0,34.0,30.7,27.3,82.92,49.5,17.2,,159.71,,0.0,0.0,0.0,2.2,58.5,1003.6,Smoke Or Haze,22.5705,88.3713,"Kolkata, WB, India","Kolkata, WB, India",,Partially cloudy
"Kolkata,West Bengal,India",05/29/2021,28.0,34.0,30.7,27.0,81.51,45.3,12.8,,161.25,,0.0,0.0,0.0,2.3,45.2,1004.9,"Mist, Smoke Or Haze",22.5705,88.3713,"Kolkata, WB, India","Kolkata, WB, India",,Partially cloudy
"Kolkata,West Bengal,India",05/30/2021,28.0,35.0,31.1,28.0,84.21,52.0,17.2,,171.88,,0.0,0.0,0.0,2.3,62.1,1003.2,Smoke Or Haze,22.5705,88.3713,"Kolkata, WB, India","Kolkata, WB, India",,Partially cloudy
"Kolkata,West Bengal,India",05/31/2021,25.6,29.4,27.6,26.1,91.48,38.6,11.4,,174.21,,10.55,16.67,0.0,2.0,91.2,1001.5,"Thunderstorm, Thunderstorm Without Precipitation, Light Rain, Sky Coverage Increasing, Smoke Or Haze",22.5705,88.3713,"Kolkata, WB, India","Kolkata, WB, India",,"Rain, Overcast"
"Kolkata,West Bengal,India",06/01/2021,26.0,35.5,30.2,27.1,83.81,52.0,19.7,31.1,193.88,,1.06,8.33,0.0,2.2,80.8,1002.6,"Thunderstorm, Thunderstorm Without Precipitation, Smoke Or Haze",22.5705,88.3713,"Kolkata, WB, India","Kolkata, WB, India",,"Rain, Overcast"
"Kolkata,West Bengal,India",06/02/2021,26.0,34.0,29.4,25.1,78.46,43.5,16.1,,178.63,,0.0,0.0,0.0,2.2,70.4,1004.5,"Rain, Light Rain, Sky Coverage Increasing, Smoke Or Haze",22.5705,88.3713,"Kolkata, WB, India","Kolkata, WB, India",,Partially cloudy
"Kolkata,West Bengal,India",06/03/2021,28.0,36.0,31.5,26.6,76.14,48.1,13.9,,206.08,,0.0,0.0,0.0,2.4,48.5,1005.5,Smoke Or Haze,22.5705,88.3713,"Kolkata, WB, India","Kolkata, WB, India",,Partially cloudy
"Kolkata,West Bengal,India",06/04/2021,29.0,36.5,32.2,26.3,72.26,48.5,11.4,,188.33,,0.0,0.0,0.0,2.3,50.4,1005.1,Smoke Or Haze,22.5705,88.3713,"Kolkata, WB, India","Kolkata, WB, India",,Partially cloudy
"Kolkata,West Bengal,India",06/05/2021,23.0,38.0,31.2,25.3,73.02,48.2,23.0,34.4,212.67,,0.7,8.33,0.0,2.2,57.9,1004.2,"Thunderstorm, Thunderstorm Without Precipitation, Light Rain, Sky Coverage Decreasing, Sky Coverage Increasing, Smoke Or Haze",22.5705,88.3713,"Kolkata, WB, India","Kolkata, WB, India",,"Rain, Partially cloudy"
"Kolkata,West Bengal,India",06/06/2021,23.0,38.0,30.5,24.6,73.04,48.2,16.1,,187.7,,1.62,4.35,0.0,2.2,60.9,1003.4,"Thunderstorm, Thunderstorm Without Precipitation, Sky Coverage Increasing, Smoke Or Haze",22.5705,88.3713,"Kolkata, WB, India","Kolkata, WB, India",,"Rain, Partially cloudy"
"Kolkata,West Bengal,India",06/07/2021,25.0,37.0,30.3,25.6,77.53,52.5,17.2,28.9,205.92,,16.94,12.5,0.0,2.2,74.0,1002.0,"Thunderstorm, Thunderstorm Without Precipitation, Light Rain, Smoke Or Haze",22.5705,88.3713,"Kolkata, WB, India","Kolkata, WB, India",,"Rain, Partially cloudy"
"Kolkata,West Bengal,India",06/08/2021,26.0,35.0,30.4,25.5,76.02,47.3,18.3,,178.63,,0.44,8.33,0.0,2.5,77.0,1001.1,"Thunderstorm, Sky Coverage Decreasing, Sky Coverage Increasing, Smoke Or Haze",22.5705,88.3713,"Kolkata, WB, India","Kolkata, WB, India",,"Rain, Overcast"
"Kolkata,West Bengal,India",06/09/2021,26.2,33.0,29.4,25.3,79.13,42.3,8.1,,134.83,,0.12,8.33,0.0,2.0,78.6,999.9,"Thunderstorm, Light Rain, Sky Coverage Increasing, Smoke Or Haze",22.5705,88.3713,"Kolkata, WB, India","Kolkata, WB, India",,"Rain, Overcast"
"Kolkata,West Bengal,India",06/10/2021,27.0,33.0,29.5,25.9,81.42,42.1,9.2,,87.13,,0.02,4.17,0.0,2.2,70.7,998.1,"Light Rain, Sky Coverage Decreasing, Sky Unchanged, Smoke Or Haze",22.5705,88.3713,"Kolkata, WB, India","Kolkata, WB, India",,"Rain, Partially cloudy"
"Kolkata,West Bengal,India",06/11/2021,27.0,33.0,28.7,26.4,87.62,42.3,10.3,,102.29,,16.24,8.33,0.0,2.0,75.3,996.3,"Thunderstorm, Thunderstorm Without Precipitation, Light Rain, Sky Coverage Increasing, Smoke Or Haze",22.5705,88.3713,"Kolkata, WB, India","Kolkata, WB, India",,"Rain, Overcast"
"Kolkata,West Bengal,India",06/12/2021,26.7,34.0,29.3,26.9,87.2,47.3,11.4,,92.7,,0.52,8.7,0.0,2.0,81.6,997.2,"Mist, Rain, Thunderstorm, Light Rain, Sky Coverage Increasing, Smoke Or Haze",22.5705,88.3713,"Kolkata, WB, India","Kolkata, WB, India",,"Rain, Overcast"
"Kolkata,West Bengal,India",06/13/2021,27.0,33.2,29.6,27.8,90.67,50.4,12.8,,90.46,,25.9,16.67,0.0,2.1,80.2,997.0,"Thunderstorm, Thunderstorm Without Precipitation, Light Rain, Sky Coverage Increasing, Smoke Or Haze",22.5705,88.3713,"Kolkata, WB, India","Kolkata, WB, India",,"Rain, Overcast"
"Kolkata,West Bengal,India",06/14/2021,28.0,33.0,30.0,28.4,91.35,50.4,16.1,,122.67,,11.4,12.5,0.0,2.0,83.9,995.7,"Drizzle, Thunderstorm, Rain, Light Rain, Sky Coverage Decreasing, Sky Coverage Increasing, Smoke Or Haze",22.5705,88.3713,"Kolkata, WB, India","Kolkata, WB, India",,"Rain, Overcast"
"Kolkata,West Bengal,India",06/15/2021,26.0,31.0,28.4,27.1,92.55,42.4,9.2,,137.58,,4.19,16.67,0.0,2.1,93.2,995.1,"Light Drizzle, Thunderstorm, Rain, Light Rain, Sky Coverage Decreasing, Sky Coverage Increasing, Smoke Or Haze",22.5705,88.3713,"Kolkata, WB, India","Kolkata, WB, India",,"Rain, Overcast"
"Kolkata,West Bengal,India",06/16/2021,26.2,29.0,27.7,26.7,93.98,38.2,11.4,,190.7,,40.21,16.67,0.0,1.9,99.4,996.6,"Light Drizzle, Thunderstorm, Rain, Thunderstorm Without Precipitation, Light Rain, Sky Coverage Increasing, Smoke Or Haze",22.5705,88.3713,"Kolkata, WB, India","Kolkata, WB, India",,"Rain, Overcast"
"Kolkata,West Bengal,India",06/17/2021,24.9,28.0,26.2,25.5,95.63,34.5,10.3,,134.74,,156.86,29.17,0.0,1.5,100.0,998.8,"Light Drizzle, Thunderstorm, Rain, Thunderstorm Without Precipitation, Light Rain, Sky Coverage Increasing, Smoke Or Haze",22.5705,88.3713,"Kolkata, WB, India","Kolkata, WB, India",,"Rain, Overcast"
"Kolkata,West Bengal,India",06/18/2021,24.7,31.0,27.6,26.3,92.88,44.3,9.2,,147.04,,16.95,13.04,0.0,2.0,97.0,1000.9,"Light Drizzle, Rain, Light Rain, Sky Coverage Decreasing, Sky Coverage Increasing, Smoke Or Haze",22.5705,88.3713,"Kolkata, WB, India","Kolkata, WB, India",,"Rain, Overcast"
"Kolkata,West Bengal,India",06/19/2021,25.2,29.0,26.1,25.4,95.74,38.2,9.2,,109.14,,12.28,16.67,0.0,1.7,97.6,1002.3,"Light Drizzle, Rain, Thunderstorm, Light Rain, Sky Coverage Increasing, Smoke Or Haze",22.5705,88.3713,"Kolkata, WB, India","Kolkata, WB, India",,"Rain, Overcast"
"Kolkata,West Bengal,India",06/20/2021,25.4,31.0,27.7,27.0,96.01,46.5,11.4,23.0,180.87,,9.95,20.83,0.0,1.7,94.1,1002.3,"Mist, Rain, Thunderstorm, Thunderstorm Without Precipitation, Light Rain, Sky Coverage Increasing, Smoke Or Haze",22.5705,88.3713,"Kolkata, WB, India","Kolkata, WB, India",,"Rain, Overcast"
"Kolkata,West Bengal,India",06/21/2021,25.9,34.0,29.6,27.8,90.4,52.0,8.1,,139.83,,5.45,17.39,0.0,1.9,82.5,1001.8,"Thunderstorm, Light Rain, Sky Coverage Increasing, Smoke Or Haze",22.5705,88.3713,"Kolkata, WB, India","Kolkata, WB, India",,"Rain, Overcast"
"Kolkata,West Bengal,India",06/22/2021,26.2,32.0,29.0,26.9,89.05,42.3,8.1,,144.17,,5.11,20.83,0.0,2.3,84.7,1001.9,"Thunderstorm, Rain, Light Rain, Sky Coverage Decreasing, Sky Coverage Increasing, Smoke Or Haze",22.5705,88.3713,"Kolkata, WB, India","Kolkata, WB, India",,"Rain, Overcast"
"Kolkata,West Bengal,India",06/23/2021,26.9,33.0,29.6,28.1,92.1,50.4,10.3,,126.58,,2.74,12.5,0.0,2.1,66.7,1002.5,"Rain, Thunderstorm, Light Rain, Sky Coverage Decreasing, Smoke Or Haze",22.5705,88.3713,"Kolkata, WB, India","Kolkata, WB, India",,"Rain, Partially cloudy"
"Kolkata,West Bengal,India",06/24/2021,27.4,34.2,31.2,28.2,84.82,52.0,11.4,,164.0,,0.0,0.0,0.0,2.3,48.7,1001.5,Smoke Or Haze,22.5705,88.3713,"Kolkata, WB, India","Kolkata, WB, India",,Partially cloudy
"Kolkata,West Bengal,India",06/25/2021,28.0,35.0,31.3,27.8,81.81,53.6,12.8,,162.67,,0.01,4.17,0.0,2.3,54.9,1000.0,"Light Rain, Smoke Or Haze",22.5705,88.3713,"Kolkata, WB, India","Kolkata, WB, India",,"Rain, Partially cloudy"
"Kolkata,West Bengal,India",06/26/2021,28.8,34.0,31.3,28.5,85.25,52.0,10.3,,168.08,,4.87,4.17,0.0,2.3,62.5,1002.2,"Thunderstorm, Rain, Light Rain, Sky Coverage Increasing, Smoke Or Haze",22.5705,88.3713,"Kolkata, WB, India","Kolkata, WB, India",,"Rain, Partially cloudy"
"Kolkata,West Bengal,India",06/27/2021,28.7,33.0,30.3,28.4,89.66,50.4,13.9,,156.67,,6.62,12.5,0.0,2.2,70.0,1005.1,"Thunderstorm, Rain, Light Rain, Sky Coverage Decreasing, Sky Coverage Increasing, Sky Unchanged, Smoke Or Haze",22.5705,88.3713,"Kolkata, WB, India","Kolkata, WB, India",,"Rain, Partially cloudy"
"Kolkata,West Bengal,India",06/28/2021,28.3,34.0,31.0,27.7,83.29,45.8,13.9,,181.96,,2.49,4.17,0.0,2.5,62.2,1004.7,"Light Drizzle, Thunderstorm Without Precipitation, Light Rain, Sky Coverage Increasing, Sky Unchanged, Smoke Or Haze",22.5705,88.3713,"Kolkata, WB, India","Kolkata, WB, India",,"Rain, Partially cloudy"
"Kolkata,West Bengal,India",06/29/2021,29.0,33.0,30.9,28.2,85.95,47.9,13.9,,198.83,,0.0,4.17,0.0,2.4,63.9,1002.5,"Sky Coverage Decreasing, Sky Coverage Increasing, Smoke Or Haze",22.5705,88.3713,"Kolkata, WB, India","Kolkata, WB, India",,Partially cloudy
"Kolkata,West Bengal,India",06/30/2021,26.9,34.0,31.0,28.3,86.01,52.0,16.1,,198.63,,11.45,8.33,0.0,2.1,79.8,1000.5,"Thunderstorm, Rain, Light Rain, Smoke Or Haze",22.5705,88.3713,"Kolkata, WB, India","Kolkata, WB, India",,"Rain, Overcast"
"Kolkata,West Bengal,India",07/01/2021,25.4,33.0,28.0,26.6,92.18,50.4,10.3,,196.38,,9.32,20.83,0.0,2.1,93.9,999.5,"Drizzle, Thunderstorm, Light Rain, Sky Coverage Increasing, Smoke Or Haze",22.5705,88.3713,"Kolkata, WB, India","Kolkata, WB, India",,"Rain, Overcast"
"Kolkata,West Bengal,India",07/02/2021,25.6,35.0,28.7,26.5,88.81,53.6,17.2,28.9,169.13,,18.31,12.5,0.0,2.1,87.5,1000.7,"Thunderstorm, Thunderstorm Without Precipitation, Sky Coverage Increasing, Smoke Or Haze",22.5705,88.3713,"Kolkata, WB, India","Kolkata, WB, India",,"Rain, Overcast"
"Kolkata,West Bengal,India",07/03/2021,27.8,34.0,30.8,27.9,84.66,47.9,9.2,,166.79,,6.49,8.33,0.0,2.2,75.2,1001.5,"Rain, Light Rain, Sky Coverage Decreasing, Sky Coverage Increasing, Smoke Or Haze",22.5705,88.3713,"Kolkata, WB, India","Kolkata, WB, India",,"Rain, Overcast"
"Kolkata,West Bengal,India",07/04/2021,27.0,33.0,29.7,27.3,87.19,47.9,6.9,20.8,126.21,,13.6,12.5,0.0,2.1,75.1,1002.8,"Mist, Thunderstorm, Thunderstorm Without Precipitation, Light Rain, Sky Coverage Increasing, Smoke Or Haze",22.5705,88.3713,"Kolkata, WB, India","Kolkata, WB, India",,"Rain, Overcast"
"Kolkata,West Bengal,India",07/05/2021,28.2,35.0,31.4,27.8,81.82,48.7,8.1,,133.17,,0.0,0.0,0.0,2.3,69.7,1002.5,"Sky Unchanged, Smoke Or Haze",22.5705,88.3713,"Kolkata, WB, India","Kolkata, WB, India",,Partially cloudy
"Kolkata,West Bengal,India",07/06/2021,29.0,34.0,30.8,28.4,87.61,49.5,10.3,,187.13,,2.85,12.5,0.0,2.0,67.3,1001.1,"Thunderstorm, Thunderstorm Without Precipitation, Light Rain, Sky Coverage Increasing, Smoke Or Haze",22.5705,88.3713,"Kolkata, WB, India","Kolkata, WB, India",,"Rain, Partially cloudy"
"Kolkata,West Bengal,India",07/07/2021,26.0,35.0,29.7,27.1,86.35,51.0,9.5,,185.04,,82.01,17.39,0.0,1.8,82.8,1000.8,"Drizzle, Mist, Light Drizzle, Thunderstorm, Light Rain, Sky Coverage Increasing, Smoke Or Haze",22.5705,88.3713,"Kolkata, WB, India","Kolkata, WB, India",,"Rain, Overcast"
"Kolkata,West Bengal,India",07/08/2021,27.0,31.0,28.9,27.4,91.62,44.3,6.9,,127.29,,20.27,8.33,0.0,2.0,85.0,1001.0,"Drizzle, Mist, Rain, Light Rain, Sky Coverage Increasing, Smoke Or Haze",22.5705,88.3713,"Kolkata, WB, India","Kolkata, WB, India",,"Rain, Overcast"
"Kolkata,West Bengal,India",07/09/2021,27.9,35.0,31.0,27.2,81.42,48.7,9.2,,114.58,,0.0,4.17,0.0,2.3,61.2,1000.4,"Mist, Light Rain, Sky Coverage Decreasing, Sky Coverage Increasing, Smoke Or Haze",22.5705,88.3713,"Kolkata, WB, India","Kolkata, WB, India",,Partially cloudy
"Kolkata,West Bengal,India",07/10/2021,28.5,34.0,31.2,27.3,80.94,43.8,9.2,,100.13,,0.01,4.17,0.0,2.3,69.4,1000.7,"Mist, Thunderstorm, Light Rain, Sky Coverage Increasing, Smoke Or Haze",22.5705,88.3713,"Kolkata, WB, India","Kolkata, WB, India",,"Rain, Partially cloudy"
"Kolkata,West Bengal,India",07/11/2021,28.9,35.0,31.4,27.4,79.82,46.7,11.4,,99.5,,2.52,8.33,0.0,2.3,66.8,1002.6,"Rain, Sky Coverage Decreasing, Sky Coverage Increasing, Smoke Or Haze",22.5705,88.3713,"Kolkata, WB, India","Kolkata, WB, India",,"Rain, Partially cloudy"
"Kolkata,West Bengal,India",07/12/2021,28.8,34.0,30.8,27.3,81.98,45.8,13.9,,131.08,,0.52,12.5,0.0,2.4,66.7,1003.7,"Rain, Thunderstorm, Thunderstorm Without Precipitation, Light Rain, Sky Coverage Decreasing, Sky Coverage Increasing, Sky Unchanged, Smoke Or Haze",22.5705,88.3713,"Kolkata, WB, India","Kolkata, WB, India",,"Rain, Partially cloudy"
"Kolkata,West Bengal,India",07/13/2021,28.0,34.0,30.3,26.9,82.2,45.8,15.0,,116.46,,7.37,12.5,0.0,2.4,65.0,1003.3,"Rain, Light Rain, Sky Coverage Increasing, Smoke Or Haze",22.5705,88.3713,"Kolkata, WB, India","Kolkata, WB, India",,"Rain, Partially cloudy"
"Kolkata,West Bengal,India",07/14/2021,28.0,34.0,30.4,26.8,81.29,45.3,16.1,,150.54,,0.34,12.5,0.0,2.6,68.4,1003.6,"Rain, Light Rain, Sky Coverage Decreasing, Sky Coverage Increasing, Smoke Or Haze",22.5705,88.3713,"Kolkata, WB, India","Kolkata, WB, India",,"Rain, Partially cloudy"
"Kolkata,West Bengal,India",07/15/2021,27.9,35.0,31.6,26.9,77.08,47.3,10.3,,136.79,,0.0,0.0,0.0,2.6,62.6,1004.7,"Sky Coverage Increasing, Smoke Or Haze",22.5705,88.3713,"Kolkata, WB, India","Kolkata, WB, India",,Partially cloudy
"Kolkata,West Bengal,India",07/16/2021,29.2,35.0,31.6,27.0,77.3,47.3,36.8,,197.58,,0.49,4.17,0.0,2.6,49.5,1005.6,"Light Rain, Sky Coverage Increasing, Smoke Or Haze",22.5705,88.3713,"Kolkata, WB, India","Kolkata, WB, India",,"Rain, Partially cloudy"
"Kolkata,West Bengal,India",07/17/2021,26.0,34.0,30.4,27.1,83.25,45.3,18.3,,180.17,,0.0,4.17,0.0,2.3,78.4,1004.4,"Thunderstorm, Light Rain, Sky Coverage Decreasing, Sky Coverage Increasing, Smoke Or Haze",22.5705,88.3713,"Kolkata, WB, India","Kolkata, WB, India",,Overcast
"Kolkata,West Bengal,India",07/18/2021,28.9,35.7,31.5,27.1,78.32,46.7,15.0,,184.92,,0.0,0.0,0.0,2.3,67.8,1002.0,"Drizzle, Sky Coverage Increasing, Smoke Or Haze",22.5705,88.3713,"Kolkata, WB, India","Kolkata, WB, India",,Partially cloudy
"Kolkata,West Bengal,India",07/19/2021,28.3,33.6,30.5,27.7,85.49,46.9,9.2,,175.43,,0.39,12.5,0.0,2.2,80.6,1000.1,"Thunderstorm, Thunderstorm Without Precipitation, Light Rain, Sky Coverage Increasing, Smoke Or Haze",22.5705,88.3713,"Kolkata, WB, India","Kolkata, WB, India",,"Rain, Overcast"
"Kolkata,West Bengal,India",07/20/2021,27.9,30.5,29.1,27.0,88.31,40.4,11.4,,129.09,,0.9,16.67,0.0,2.0,85.5,999.5,"Drizzle, Light Drizzle, Thunderstorm Without Precipitation, Light Rain, Sky Coverage Increasing, Smoke Or Haze",22.5705,88.3713,"Kolkata, WB, India","Kolkata, WB, India",,"Rain, Overcast"
"Kolkata,West Bengal,India",07/21/2021,28.0,33.0,30.2,27.2,84.21,45.8,6.9,,90.91,,2.03,12.5,0.0,2.0,85.5,997.3,"Mist, Rain, Thunderstorm, Thunderstorm Without Precipitation, Light Rain, Sky Coverage Increasing, Smoke Or Haze",22.5705,88.3713,"Kolkata, WB, India","Kolkata, WB, India",,"Rain, Overcast"
"Kolkata,West Bengal,India",07/22/2021,28.0,33.1,29.9,26.8,83.68,44.1,13.9,,61.83,,0.68,8.33,0.0,2.6,62.3,994.8,"Rain, Thunderstorm Without Precipitation, Light Rain, Sky Coverage Increasing, Smoke Or Haze",22.5705,88.3713,"Kolkata, WB, India","Kolkata, WB, India",,"Rain, Partially cloudy"
"Kolkata,West Bengal,India",07/23/2021,27.6,31.0,28.9,27.1,89.94,42.4,11.4,,95.54,,19.92,25.0,0.0,2.0,91.2,994.0,"Rain, Thunderstorm, Light Rain, Sky Coverage Decreasing, Sky Coverage Increasing, Smoke Or Haze",22.5705,88.3713,"Kolkata, WB, India","Kolkata, WB, India",,"Rain, Overcast"
"Kolkata,West Bengal,India",07/24/2021,26.9,30.0,28.5,27.1,92.31,40.4,11.4,,137.54,,35.56,16.67,0.0,2.0,85.9,998.0,"Thunderstorm, Light Rain, Sky Coverage Increasing, Smoke Or Haze",22.5705,88.3713,"Kolkata, WB, India","Kolkata, WB, India",,"Rain, Overcast"
"Kolkata,West Bengal,India",07/25/2021,27.7,35.0,30.3,27.6,85.88,48.7,6.9,,123.54,,0.42,12.5,0.0,2.3,80.4,998.8,"Rain, Thunderstorm, Thunderstorm Without Precipitation, Light Rain, Sky Coverage Decreasing, Smoke Or Haze",22.5705,88.3713,"Kolkata, WB, India","Kolkata, WB, India",,"Rain, Overcast"
"Kolkata,West Bengal,India",07/26/2021,28.0,35.0,30.6,27.7,85.42,51.0,13.9,,183.67,,13.79,12.5,0.0,2.0,90.4,997.0,"Drizzle, Thunderstorm, Rain, Thunderstorm Without Precipitation, Light Rain, Sky Coverage Decreasing, Sky Coverage Increasing, Smoke Or Haze",22.5705,88.3713,"Kolkata, WB, India","Kolkata, WB, India",,"Rain, Overcast"
"Kolkata,West Bengal,India",07/27/2021,28.0,32.0,29.6,27.6,89.3,46.2,11.4,,230.38,,1.68,8.33,0.0,2.0,92.8,994.7,"Light Drizzle, Thunderstorm, Light Rain, Sky Coverage Decreasing, Sky Coverage Increasing, Smoke Or Haze",22.5705,88.3713,"Kolkata, WB, India","Kolkata, WB, India",,"Rain, Overcast"
"Kolkata,West Bengal,India",07/28/2021,27.5,30.7,28.9,27.0,89.38,40.6,11.4,,286.96,,54.82,29.17,0.0,2.2,91.6,993.1,"Thunderstorm, Rain, Light Rain, Sky Coverage Increasing, Smoke Or Haze",22.5705,88.3713,"Kolkata, WB, India","Kolkata, WB, India",,"Rain, Overcast"
"Kolkata,West Bengal,India",07/29/2021,26.5,29.0,27.7,26.2,91.97,36.8,17.2,28.9,270.42,,140.86,33.33,0.0,1.5,98.5,992.0,"Rain, Thunderstorm, Light Rain, Sky Coverage Increasing",22.5705,88.3713,"Kolkata, WB, India","Kolkata, WB, India",,"Rain, Overcast"
"Kolkata,West Bengal,India",07/30/2021,26.4,31.0,28.8,27.1,90.64,44.3,17.2,,183.61,,12.31,13.04,0.0,2.1,89.5,996.8,"Thunderstorm, Light Rain, Sky Coverage Increasing, Smoke Or Haze",22.5705,88.3713,"Kolkata, WB, India","Kolkata, WB, India",,"Rain, Overcast"
"Kolkata,West Bengal,India",07/31/2021,27.1,32.0,29.5,27.0,86.27,44.1,10.3,,169.5,,0.81,4.17,0.0,2.4,71.7,999.6,"Rain, Light Rain, Sky Coverage Increasing, Smoke Or Haze",22.5705,88.3713,"Kolkata, WB, India","Kolkata, WB, India",,"Rain, Partially cloudy"
"Kolkata,West Bengal,India",08/01/2021,27.6,34.0,30.7,27.3,82.57,45.8,11.4,,192.38,,0.0,0.0,0.0,2.4,81.3,999.2,Smoke Or Haze,22.5705,88.3713,"Kolkata, WB, India","Kolkata, WB, India",,Overcast
"Kolkata,West Bengal,India",08/02/2021,28.9,34.0,31.0,27.6,82.61,45.8,5.8,,170.42,,0.0,0.0,0.0,2.2,70.8,999.6,"Light Rain, Smoke Or Haze",22.5705,88.3713,"Kolkata, WB, India","Kolkata, WB, India",,Partially cloudy
"Kolkata,West Bengal,India",08/03/2021,26.7,32.0,29.7,27.2,86.64,44.3,9.2,,168.17,,32.7,16.67,0.0,1.9,87.9,1000.3,"Mist, Thunderstorm, Rain, Thunderstorm Without Precipitation, Light Rain, Sky Coverage Increasing, Smoke Or Haze",22.5705,88.3713,"Kolkata, WB, India","Kolkata, WB, India",,"Rain, Overcast"
"Kolkata,West Bengal,India",08/04/2021,27.0,31.0,28.7,27.2,91.43,46.5,6.9,,129.57,,20.85,21.74,0.0,1.5,94.0,1000.4,"Mist, Light Drizzle, Thunderstorm, Rain, Light Rain, Sky Coverage Increasing, Smoke Or Haze",22.5705,88.3713,"Kolkata, WB, India","Kolkata, WB, India",,"Rain, Overcast"
"Kolkata,West Bengal,India",08/05/2021,27.7,34.0,30.0,27.6,87.24,49.5,8.1,,132.87,,1.26,12.5,0.0,2.0,68.2,999.2,"Mist, Thunderstorm, Light Rain, Sky Coverage Decreasing, Sky Coverage Increasing, Smoke Or Haze",22.5705,88.3713,"Kolkata, WB, India","Kolkata, WB, India",,"Rain, Partially cloudy"
"Kolkata,West Bengal,India",08/06/2021,26.0,34.0,30.0,27.0,84.23,43.8,6.7,,116.17,,16.21,4.17,0.0,2.1,72.9,999.6,"Lightning Without Thunder, Mist, Thunderstorm, Thunderstorm Without Precipitation, Light Rain, Sky Coverage Increasing, Smoke Or Haze",22.5705,88.3713,"Kolkata, WB, India","Kolkata, WB, India",,"Rain, Partially cloudy"
"Kolkata,West Bengal,India",08/07/2021,27.0,32.0,29.3,27.5,89.87,48.6,9.2,23.0,138.96,,2.67,12.5,0.0,2.0,88.2,1001.9,"Light Drizzle, Thunderstorm, Thunderstorm Without Precipitation, Light Rain, Sky Coverage Increasing, Smoke Or Haze",22.5705,88.3713,"Kolkata, WB, India","Kolkata, WB, India",,"Rain, Overcast"
"Kolkata,West Bengal,India",08/08/2021,26.5,32.0,28.8,27.1,90.94,46.2,11.4,,127.0,,18.87,16.67,0.0,2.1,86.5,1004.3,"Light Drizzle, Thunderstorm, Rain, Light Rain, Sky Coverage Increasing, Smoke Or Haze",22.5705,88.3713,"Kolkata, WB, India","Kolkata, WB, India",,"Rain, Overcast"
"Kolkata,West Bengal,India",08/09/2021,28.2,34.0,30.8,27.8,84.52,47.3,11.4,,179.17,,0.0,0.0,0.0,2.3,67.4,1004.2,"Light Drizzle, Thunderstorm, Thunderstorm Without Precipitation, Sky Coverage Decreasing, Sky Coverage Increasing, Smoke Or Haze",22.5705,88.3713,"Kolkata, WB, India","Kolkata, WB, India",,Partially cloudy
"Kolkata,West Bengal,India",08/10/2021,29.2,35.0,31.2,28.2,84.68,51.0,11.4,,200.13,,7.54,8.33,0.0,2.1,86.5,1001.4,"Thunderstorm, Light Rain, Smoke Or Haze",22.5705,88.3713,"Kolkata, WB, India","Kolkata, WB, India",,"Rain, Overcast"
"Kolkata,West Bengal,India",08/11/2021,29.3,35.0,31.8,28.3,82.26,51.0,11.4,,183.21,,0.0,0.0,0.0,2.1,73.0,1001.2,Smoke Or Haze,22.5705,88.3713,"Kolkata, WB, India","Kolkata, WB, India",,Partially cloudy
"Kolkata,West Bengal,India",08/12/2021,28.0,33.0,30.1,28.3,90.32,50.4,11.4,,177.33,,16.37,12.5,0.0,1.9,85.3,1003.0,"Light Drizzle, Thunderstorm, Rain, Light Rain, Sky Coverage Increasing, Smoke Or Haze",22.5705,88.3713,"Kolkata, WB, India","Kolkata, WB, India",,"Rain, Overcast"
"Kolkata,West Bengal,India",08/13/2021,28.2,33.0,29.9,28.0,89.59,50.4,5.8,,172.71,,0.0,0.0,0.0,2.0,88.7,1002.2,"Mist, Thunderstorm, Thunderstorm Without Precipitation, Light Rain, Smoke Or Haze",22.5705,88.3713,"Kolkata, WB, India","Kolkata, WB, India",,Overcast
"Kolkata,West Bengal,India",08/14/2021,28.8,34.1,30.7,28.1,86.76,50.4,9.2,,190.58,,0.7,16.67,0.0,2.0,81.3,1000.6,"Thunderstorm, Rain, Thunderstorm Without Precipitation, Sky Coverage Increasing, Smoke Or Haze",22.5705,88.3713,"Kolkata, WB, India","Kolkata, WB, India",,"Rain, Overcast"
"Kolkata,West Bengal,India",08/15/2021,28.7,35.0,31.8,27.2,77.79,45.8,6.9,,155.92,,0.0,0.0,0.0,2.6,82.7,1001.5,Smoke Or Haze,22.5705,88.3713,"Kolkata, WB, India","Kolkata, WB, India",,Overcast
"Kolkata,West Bengal,India",08/16/2021,28.9,32.0,30.5,28.0,87.0,48.6,9.2,,111.17,,0.73,4.17,0.0,2.1,80.5,1003.8,"Light Rain, Sky Coverage Increasing, Smoke Or Haze",22.5705,88.3713,"Kolkata, WB, India","Kolkata, WB, India",,"Rain, Overcast"
"Kolkata,West Bengal,India",08/17/2021,28.0,31.0,29.2,27.2,88.75,42.4,10.3,,122.5,,1.59,16.67,0.0,2.1,81.7,1003.9,"Rain, Light Rain, Sky Coverage Increasing, Smoke Or Haze",22.5705,88.3713,"Kolkata, WB, India","Kolkata, WB, India",,"Rain, Overcast"
"Kolkata,West Bengal,India",08/18/2021,26.2,32.0,28.8,27.0,90.09,44.1,11.4,,166.13,,6.26,20.83,0.0,2.3,84.8,1002.7,"Drizzle, Light Drizzle, Rain, Light Rain, Sky Coverage Increasing, Smoke Or Haze",22.5705,88.3713,"Kolkata, WB, India","Kolkata, WB, India",,"Rain, Overcast"
"Kolkata,West Bengal,India",08/19/2021,27.0,30.0,28.3,26.7,91.31,40.4,17.2,,163.29,,3.91,25.0,0.0,2.1,89.1,1003.3,"Rain, Thunderstorm, Light Rain, Sky Coverage Increasing, Smoke Or Haze",22.5705,88.3713,"Kolkata, WB, India","Kolkata, WB, India",,"Rain, Overcast"
"Kolkata,West Bengal,India",08/20/2021,26.2,29.0,28.0,26.6,91.91,38.2,10.3,,148.88,,0.92,8.33,0.0,2.3,83.5,1006.1,"Rain, Light Rain, Sky Coverage Decreasing, Sky Coverage Increasing, Smoke Or Haze",22.5705,88.3713,"Kolkata, WB, India","Kolkata, WB, India",,"Rain, Overcast"
"Kolkata,West Bengal,India",08/21/2021,27.2,32.0,29.4,27.1,88.07,44.1,9.2,,165.42,,2.43,8.33,0.0,2.4,71.8,1007.8,"Rain, Light Rain, Sky Coverage Decreasing, Sky Coverage Increasing, Smoke Or Haze",22.5705,88.3713,"Kolkata, WB, India","Kolkata, WB, India",,"Rain, Partially cloudy"
"Kolkata,West Bengal,India",08/22/2021,27.6,35.0,31.2,26.5,77.48,43.8,13.9,,205.75,,0.0,0.0,0.0,2.3,52.7,1006.1,Smoke Or Haze,22.5705,88.3713,"Kolkata, WB, India","Kolkata, WB, India",,Partially cloudy
"Kolkata,West Bengal,India",08/23/2021,28.6,35.0,31.8,27.7,79.56,48.7,11.4,,213.33,,0.08,4.17,0.0,2.6,50.2,1004.4,"Rain, Sky Coverage Increasing, Smoke Or Haze",22.5705,88.3713,"Kolkata, WB, India","Kolkata, WB, India",,"Rain, Partially cloudy"
"Kolkata,West Bengal,India",08/24/2021,28.5,35.0,31.4,27.4,80.08,48.7,9.2,,199.33,,0.05,4.17,0.0,2.2,68.5,1003.0,"Thunderstorm, Thunderstorm Without Precipitation, Sky Coverage Increasing, Smoke Or Haze",22.5705,88.3713,"Kolkata, WB, India","Kolkata, WB, India",,"Rain, Partially cloudy"
"Kolkata,West Bengal,India",08/25/2021,28.0,35.0,31.0,27.7,83.35,51.0,11.4,,180.83,,0.81,4.17,0.0,2.1,79.2,1000.6,"Thunderstorm, Thunderstorm Without Precipitation, Light Rain, Sky Coverage Increasing, Smoke Or Haze",22.5705,88.3713,"Kolkata, WB, India","Kolkata, WB, India",,"Rain, Overcast"
"Kolkata,West Bengal,India",08/26/2021,26.7,34.0,29.3,27.0,87.69,49.5,9.2,,110.17,,26.29,16.67,0.0,2.0,93.2,1000.3,"Light Drizzle, Thunderstorm, Light Rain, Sky Coverage Increasing, Smoke Or Haze",22.5705,88.3713,"Kolkata, WB, India","Kolkata, WB, India",,"Rain, Overcast"
"Kolkata,West Bengal,India",08/27/2021,26.5,31.0,28.4,27.0,91.79,44.3,5.8,,73.41,,12.58,12.5,0.0,2.0,88.3,1001.8,"Mist, Thunderstorm, Thunderstorm Without Precipitation, Light Rain, Sky Coverage Increasing, Smoke Or Haze",22.5705,88.3713,"Kolkata, WB, India","Kolkata, WB, India",,"Rain, Overcast"
"Kolkata,West Bengal,India",08/28/2021,27.3,33.0,29.6,27.1,86.86,46.2,9.2,,74.5,,8.31,8.33,0.0,2.4,78.0,1001.4,"Mist, Rain, Light Rain, Sky Coverage Decreasing, Sky Coverage Increasing, Smoke Or Haze",22.5705,88.3713,"Kolkata, WB, India","Kolkata, WB, India",,"Rain, Overcast"
"Kolkata,West Bengal,India",08/29/2021,27.6,32.0,29.3,27.2,88.87,44.1,13.9,,114.58,,0.78,4.17,0.0,2.2,62.7,1002.4,"Thunderstorm, Light Rain, Sky Coverage Decreasing, Sky Coverage Increasing, Smoke Or Haze",22.5705,88.3713,"Kolkata, WB, India","Kolkata, WB, India",,"Rain, Partially cloudy"
"Kolkata,West Bengal,India",08/30/2021,27.8,32.0,29.6,26.9,85.61,46.2,16.1,,98.71,,18.11,20.83,0.0,2.3,64.6,1005.4,"Rain, Thunderstorm, Thunderstorm Without Precipitation, Light Rain, Sky Coverage Increasing, Smoke Or Haze",22.5705,88.3713,"Kolkata, WB, India","Kolkata, WB, India",,"Rain, Partially cloudy"
"Kolkata,West Bengal,India",08/31/2021,28.0,34.0,30.3,27.4,85.11,47.3,10.3,,96.83,,1.62,8.33,0.0,2.4,73.9,1007.4,"Rain, Thunderstorm, Sky Coverage Decreasing, Sky Coverage Increasing, Smoke Or Haze",22.5705,88.3713,"Kolkata, WB, India","Kolkata, WB, India",,"Rain, Partially cloudy"
"Kolkata,West Bengal,India",09/01/2021,27.4,34.1,30.8,27.0,80.92,45.8,11.4,,112.87,,0.0,0.0,0.0,2.5,65.9,1007.1,"Rain, Sky Coverage Increasing, Smoke Or Haze",22.5705,88.3713,"Kolkata, WB, India","Kolkata, WB, India",,Partially cloudy
"Kolkata,West Bengal,India",09/02/2021,28.0,34.0,30.7,26.7,79.51,45.3,5.8,,115.45,,1.07,8.33,0.0,2.7,56.0,1005.4,"Thunderstorm, Thunderstorm Without Precipitation, Sky Coverage Increasing, Smoke Or Haze",22.5705,88.3713,"Kolkata, WB, India","Kolkata, WB, India",,"Rain, Partially cloudy"
"Kolkata,West Bengal,India",09/03/2021,28.0,34.0,31.1,27.1,79.98,44.3,8.1,,87.52,,0.16,4.17,0.0,2.6,60.2,1003.7,"Sky Coverage Increasing, Smoke Or Haze",22.5705,88.3713,"Kolkata, WB, India","Kolkata, WB, India",,"Rain, Partially cloudy"
"Kolkata,West Bengal,India",09/04/2021,28.1,35.0,31.4,27.3,79.77,45.8,6.9,,85.36,,0.54,4.17,0.0,2.5,63.2,1002.2,"Rain, Sky Coverage Increasing, Smoke Or Haze",22.5705,88.3713,"Kolkata, WB, India","Kolkata, WB, India",,"Rain, Partially cloudy"
"Kolkata,West Bengal,India",09/05/2021,28.2,35.0,31.6,27.5,79.78,48.7,8.1,,83.0,,0.01,4.17,0.0,2.6,56.6,1002.1,"Rain, Smoke Or Haze",22.5705,88.3713,"Kolkata, WB, India","Kolkata, WB, India",,"Rain, Partially cloudy"
"Kolkata,West Bengal,India",09/06/2021,28.0,34.0,29.7,27.0,86.17,47.3,16.1,,90.71,,5.8,16.67,0.0,2.4,75.2,1003.0,"Light Drizzle, Rain, Thunderstorm, Thunderstorm Without Precipitation, Light Rain, Sky Coverage Increasing, Smoke Or Haze",22.5705,88.3713,"Kolkata, WB, India","Kolkata, WB, India",,"Rain, Overcast"
"Kolkata,West Bengal,India",09/07/2021,25.9,31.0,27.4,26.0,91.73,44.3,12.8,,98.39,,44.89,17.39,0.0,2.3,80.0,1006.1,"Thunderstorm, Rain, Light Rain, Sky Coverage Decreasing, Sky Coverage Increasing, Smoke Or Haze",22.5705,88.3713,"Kolkata, WB, India","Kolkata, WB, India",,"Rain, Overcast"
"Kolkata,West Bengal,India",09/08/2021,26.5,32.0,29.2,26.6,86.29,44.3,11.4,,124.61,,0.09,8.33,0.0,2.6,69.4,1005.6,"Rain, Light Rain, Sky Coverage Decreasing, Sky Coverage Increasing, Smoke Or Haze",22.5705,88.3713,"Kolkata, WB, India","Kolkata, WB, India",,"Rain, Partially cloudy"
"Kolkata,West Bengal,India",09/09/2021,27.2,34.0,30.0,26.8,83.47,45.3,9.2,,78.87,,0.17,8.33,0.0,2.5,53.9,1004.2,"Thunderstorm, Sky Coverage Increasing, Smoke Or Haze",22.5705,88.3713,"Kolkata, WB, India","Kolkata, WB, India",,"Rain, Partially cloudy"
"Kolkata,West Bengal,India",09/10/2021,27.1,35.0,30.5,26.7,81.34,48.7,5.8,,126.29,,1.41,8.33,0.0,2.3,61.3,1002.8,"Thunderstorm, Rain, Light Rain, Sky Coverage Increasing, Smoke Or Haze",22.5705,88.3713,"Kolkata, WB, India","Kolkata, WB, India",,"Rain, Partially cloudy"
"Kolkata,West Bengal,India",09/11/2021,27.0,33.0,29.0,26.7,87.68,46.2,11.4,,82.86,,12.25,12.5,0.0,2.3,77.7,1001.9,"Thunderstorm, Rain, Light Rain, Sky Coverage Increasing, Smoke Or Haze",22.5705,88.3713,"Kolkata, WB, India","Kolkata, WB, India",,"Rain, Overcast"
"Kolkata,West Bengal,India",09/12/2021,27.4,33.0,29.7,26.8,84.58,43.8,13.9,25.3,90.42,,3.41,8.33,0.0,2.6,65.2,998.3,"Thunderstorm, Light Rain, Sky Coverage Increasing, Smoke Or Haze",22.5705,88.3713,"Kolkata, WB, India","Kolkata, WB, India",,"Rain, Partially cloudy"
"Kolkata,West Bengal,India",09/13/2021,27.0,30.0,28.5,26.5,89.28,40.4,16.1,25.3,102.0,,13.22,20.83,0.0,2.2,90.9,998.5,"Thunderstorm, Light Rain, Sky Coverage Decreasing, Sky Coverage Increasing, Smoke Or Haze",22.5705,88.3713,"Kolkata, WB, India","Kolkata, WB, India",,"Rain, Overcast"
"Kolkata,West Bengal,India",09/14/2021,25.6,28.0,26.6,25.2,92.29,34.5,11.4,23.0,122.17,,60.19,25.0,0.0,1.7,94.9,1003.0,"Light Drizzle, Rain, Thunderstorm, Light Rain, Smoke Or Haze",22.5705,88.3713,"Kolkata, WB, India","Kolkata, WB, India",,"Rain, Overcast"
"Kolkata,West Bengal,India",09/15/2021,25.4,32.0,28.1,26.1,89.57,46.2,9.2,,116.25,,49.95,16.67,0.0,2.3,84.4,1005.4,"Rain, Thunderstorm, Light Rain, Sky Coverage Decreasing, Sky Coverage Increasing, Smoke Or Haze",22.5705,88.3713,"Kolkata, WB, India","Kolkata, WB, India",,"Rain, Overcast"
"Kolkata,West Bengal,India",09/16/2021,27.3,32.0,29.4,27.2,87.89,48.6,11.4,,86.0,,3.58,12.5,0.0,2.4,77.8,1004.3,"Rain, Thunderstorm, Light Rain, Sky Coverage Increasing, Smoke Or Haze",22.5705,88.3713,"Kolkata, WB, India","Kolkata, WB, India",,"Rain, Overcast"
"Kolkata,West Bengal,India",09/17/2021,27.2,33.0,29.5,27.1,87.18,50.4,8.1,,84.92,,33.31,4.17,0.0,2.2,74.7,1003.6,"Thunderstorm, Light Rain, Sky Coverage Decreasing, Sky Coverage Increasing, Smoke Or Haze",22.5705,88.3713,"Kolkata, WB, India","Kolkata, WB, India",,"Rain, Partially cloudy"
"Kolkata,West Bengal,India",09/18/2021,27.0,31.0,28.1,26.5,91.07,44.3,4.7,,84.14,,16.55,12.5,0.0,1.9,89.0,1005.2,"Thunderstorm, Rain, Thunderstorm Without Precipitation, Light Rain, Sky Coverage Decreasing, Smoke Or Haze",22.5705,88.3713,"Kolkata, WB, India","Kolkata, WB, India",,"Rain, Overcast"
"Kolkata,West Bengal,India",09/19/2021,26.3,33.0,28.8,26.7,88.6,46.2,5.8,,81.5,,1.98,8.33,0.0,1.8,88.0,1006.6,"Mist, Thunderstorm, Thunderstorm Without Precipitation, Light Rain, Sky Coverage Increasing, Smoke Or Haze",22.5705,88.3713,"Kolkata, WB, India","Kolkata, WB, India",,"Rain, Overcast"
"Kolkata,West Bengal,India",09/20/2021,25.0,28.0,26.3,25.4,94.78,34.5,13.9,28.9,148.96,,150.37,33.33,0.0,1.4,99.1,1004.4,"Thunderstorm, Rain, Light Rain, Smoke Or Haze",22.5705,88.3713,"Kolkata, WB, India","Kolkata, WB, India",,"Rain, Overcast"
"Kolkata,West Bengal,India",09/21/2021,25.2,30.0,27.3,25.6,90.92,38.8,8.1,,117.96,,16.15,16.67,0.0,2.1,94.7,1003.7,"Mist, Thunderstorm, Rain, Light Rain, Sky Coverage Increasing, Smoke Or Haze",22.5705,88.3713,"Kolkata, WB, India","Kolkata, WB, India",,"Rain, Overcast"
"Kolkata,West Bengal,India",09/22/2021,26.7,30.0,27.7,26.2,91.37,38.8,8.1,,103.04,,16.99,20.83,0.0,2.2,89.1,1003.4,"Drizzle, Rain, Thunderstorm, Thunderstorm Without Precipitation, Light Rain, Sky Coverage Decreasing, Sky Coverage Increasing, Smoke Or Haze",22.5705,88.3713,"Kolkata, WB, India","Kolkata, WB, India",,"Rain, Overcast"
"Kolkata,West Bengal,India",09/23/2021,26.6,32.0,29.2,27.0,88.22,46.2,9.2,,111.17,,13.78,12.5,0.0,2.2,71.8,1005.7,"Mist, Light Drizzle, Thunderstorm, Thunderstorm Without Precipitation, Sky Coverage Increasing, Smoke Or Haze",22.5705,88.3713,"Kolkata, WB, India","Kolkata, WB, India",,"Rain, Partially cloudy"
"Kolkata,West Bengal,India",09/24/2021,26.7,35.0,30.5,26.5,80.21,44.1,6.9,,71.83,,0.0,0.0,0.0,2.4,60.7,1006.0,"Mist, Thunderstorm, Thunderstorm Without Precipitation, Sky Coverage Increasing, Smoke Or Haze",22.5705,88.3713,"Kolkata, WB, India","Kolkata, WB, India",,Partially cloudy
"Kolkata,West Bengal,India",09/25/2021,27.8,33.0,29.8,27.7,88.41,47.9,5.8,,118.48,,0.09,4.17,0.0,1.9,66.8,1004.5,"Mist, Light Rain, Sky Coverage Increasing, Smoke Or Haze",22.5705,88.3713,"Kolkata, WB, India","Kolkata, WB, India",,"Rain, Partially cloudy"
"Kolkata,West Bengal,India",09/26/2021,27.0,34.6,29.1,27.0,88.67,48.1,8.1,,68.43,,10.18,8.33,0.0,2.2,60.4,1003.9,"Mist, Rain, Thunderstorm, Thunderstorm Without Precipitation, Light Rain, Sky Coverage Increasing, Smoke Or Haze",22.5705,88.3713,"Kolkata, WB, India","Kolkata, WB, India",,"Rain, Partially cloudy"
"Kolkata,West Bengal,India",09/27/2021,27.1,33.0,29.6,26.9,85.56,50.4,13.9,,86.0,,0.72,8.33,0.0,2.3,72.7,1004.3,"Mist, Light Drizzle, Thunderstorm, Sky Coverage Decreasing, Sky Coverage Increasing, Smoke Or Haze",22.5705,88.3713,"Kolkata, WB, India","Kolkata, WB, India",,"Rain, Partially cloudy"
"Kolkata,West Bengal,India",09/28/2021,25.9,30.0,27.5,25.7,89.67,37.4,15.0,26.4,64.43,,4.08,20.83,0.0,2.2,85.8,1004.8,"Drizzle, Light Drizzle, Thunderstorm, Rain, Light Rain, Smoke Or Haze",22.5705,88.3713,"Kolkata, WB, India","Kolkata, WB, India",,"Rain, Overcast"
"Kolkata,West Bengal,India",09/29/2021,25.1,28.0,26.5,25.2,92.27,33.6,16.1,23.0,129.17,,85.41,16.67,0.0,1.9,96.9,1006.6,"Thunderstorm, Rain, Light Rain, Sky Coverage Increasing, Smoke Or Haze",22.5705,88.3713,"Kolkata, WB, India","Kolkata, WB, India",,"Rain, Overcast"
"Kolkata,West Bengal,India",09/30/2021,26.0,33.0,28.7,26.5,88.26,46.2,10.3,,131.0,,5.73,8.33,0.0,2.2,77.7,1008.2,"Mist, Rain, Thunderstorm, Light Rain, Sky Coverage Increasing, Smoke Or Haze",22.5705,88.3713,"Kolkata, WB, India","Kolkata, WB, India",,"Rain, Overcast"
"Kolkata,West Bengal,India",10/01/2021,27.0,34.0,30.2,26.7,82.63,46.2,9.2,,150.29,,1.78,4.17,0.0,2.4,45.6,1008.2,"Mist, Smoke Or Haze",22.5705,88.3713,"Kolkata, WB, India","Kolkata, WB, India",,"Rain, Partially cloudy"
"Kolkata,West Bengal,India",10/02/2021,27.4,34.0,30.6,26.9,81.3,45.8,10.3,,160.33,,0.0,0.0,0.0,2.7,46.5,1007.4,Smoke Or Haze,22.5705,88.3713,"Kolkata, WB, India","Kolkata, WB, India",,Partially cloudy
"Kolkata,West Bengal,India",10/03/2021,27.8,34.0,30.6,27.9,85.87,47.9,13.9,,212.96,,0.81,8.33,0.0,2.3,69.6,1005.7,"Thunderstorm, Thunderstorm Without Precipitation, Light Rain, Smoke Or Haze",22.5705,88.3713,"Kolkata, WB, India","Kolkata, WB, India",,"Rain, Partially cloudy"
"Kolkata,West Bengal,India",10/04/2021,27.0,34.0,30.4,27.1,83.06,49.5,11.4,,185.42,,0.0,4.17,0.0,2.2,68.4,1005.6,"Lightning Without Thunder, Thunderstorm, Thunderstorm Without Precipitation, Sky Coverage Increasing, Smoke Or Haze",22.5705,88.3713,"Kolkata, WB, India","Kolkata, WB, India",,Partially cloudy
"Kolkata,West Bengal,India",10/05/2021,28.0,34.0,29.9,27.3,86.67,49.5,9.2,,138.52,,0.72,12.5,0.0,2.1,63.6,1007.3,"Mist, Light Drizzle, Thunderstorm, Thunderstorm Without Precipitation, Sky Coverage Increasing, Smoke Or Haze",22.5705,88.3713,"Kolkata, WB, India","Kolkata, WB, India",,"Rain, Partially cloudy"
"Kolkata,West Bengal,India",10/06/2021,27.4,33.1,29.5,26.9,86.04,45.8,11.4,,143.05,,2.31,4.17,0.0,2.2,62.7,1006.5,"Thunderstorm, Thunderstorm Without Precipitation, Sky Coverage Increasing, Smoke Or Haze",22.5705,88.3713,"Kolkata, WB, India","Kolkata, WB, India",,"Rain, Partially cloudy"
"Kolkata,West Bengal,India",10/07/2021,27.0,34.0,29.6,27.0,86.09,47.9,13.9,,144.96,,0.13,4.17,0.0,1.9,60.8,1004.9,"Thunderstorm Without Precipitation, Sky Coverage Increasing, Smoke Or Haze",22.5705,88.3713,"Kolkata, WB, India","Kolkata, WB, India",,"Rain, Partially cloudy"
"Kolkata,West Bengal,India",10/08/2021,27.5,35.0,30.9,27.0,80.39,47.9,6.9,,112.42,,0.08,4.17,0.0,2.0,48.1,1004.0,"Mist, Thunderstorm Without Precipitation, Light Rain, Sky Coverage Increasing, Smoke Or Haze",22.5705,88.3713,"Kolkata, WB, India","Kolkata, WB, India",,"Rain, Partially cloudy"
"Kolkata,West Bengal,India",10/09/2021,28.0,35.0,30.7,27.4,83.46,53.1,4.7,,131.09,,1.85,12.5,0.0,1.8,55.5,1004.3,"Mist, Thunderstorm, Light Rain, Sky Coverage Increasing, Smoke Or Haze",22.5705,88.3713,"Kolkata, WB, India","Kolkata, WB, India",,"Rain, Partially cloudy"
"Kolkata,West Bengal,India",10/10/2021,27.0,34.0,30.3,27.1,83.88,47.3,10.3,,102.13,,0.42,8.33,0.0,1.8,69.8,1004.9,"Mist, Thunderstorm, Thunderstorm Without Precipitation, Light Rain, Sky Coverage Increasing, Smoke Or Haze",22.5705,88.3713,"Kolkata, WB, India","Kolkata, WB, India",,"Rain, Partially cloudy"
"Kolkata,West Bengal,India",10/11/2021,27.4,35.0,31.0,26.2,76.71,45.3,9.2,,183.25,,0.0,0.0,0.0,1.7,38.7,1004.0,"Mist, Smoke Or Haze",22.5705,88.3713,"Kolkata, WB, India","Kolkata, WB, India",,Partially cloudy
"Kolkata,West Bengal,India",10/12/2021,27.4,35.0,30.8,26.5,78.6,45.3,9.2,,226.77,,0.0,0.0,0.0,1.9,39.9,1003.3,"Mist, Smoke Or Haze",22.5705,88.3713,"Kolkata, WB, India","Kolkata, WB, India",,Partially cloudy
"Kolkata,West Bengal,India",10/13/2021,27.9,33.0,30.5,27.8,86.03,47.9,9.2,,161.04,,0.01,4.17,0.0,1.6,68.6,1003.3,"Mist, Light Rain, Sky Coverage Decreasing, Smoke Or Haze",22.5705,88.3713,"Kolkata, WB, India","Kolkata, WB, India",,"Rain, Partially cloudy"
"Kolkata,West Bengal,India",10/14/2021,27.1,35.0,30.1,27.0,84.39,48.7,7.3,,141.65,,8.91,4.17,0.0,2.1,84.9,1003.3,"Lightning Without Thunder, Mist, Thunderstorm, Thunderstorm Without Precipitation, Smoke Or Haze",22.5705,88.3713,"Kolkata, WB, India","Kolkata, WB, India",,"Rain, Overcast"
"Kolkata,West Bengal,India",10/15/2021,25.7,36.0,30.6,27.2,82.99,51.0,12.8,,224.17,,18.73,12.5,0.0,2.1,61.4,1002.1,"Mist, Thunderstorm, Thunderstorm Without Precipitation, Light Rain, Smoke Or Haze",22.5705,88.3713,"Kolkata, WB, India","Kolkata, WB, India",,"Rain, Partially cloudy"
"Kolkata,West Bengal,India",10/16/2021,25.6,34.0,29.4,26.6,85.67,47.3,5.8,,73.75,,6.31,16.67,0.0,2.4,68.3,1003.8,"Thunderstorm, Light Rain, Sky Coverage Increasing, Smoke Or Haze",22.5705,88.3713,"Kolkata, WB, India","Kolkata, WB, India",,"Rain, Partially cloudy"
"Kolkata,West Bengal,India",10/17/2021,25.0,33.0,27.9,26.1,90.31,47.9,11.4,23.0,65.38,,8.56,20.83,0.0,2.1,86.0,1004.4,"Drizzle, Lightning Without Thunder, Thunderstorm, Rain, Light Rain, Sky Coverage Increasing, Smoke Or Haze",22.5705,88.3713,"Kolkata, WB, India","Kolkata, WB, India",,"Rain, Overcast"
"Kolkata,West Bengal,India",10/18/2021,25.4,28.0,26.7,25.6,93.69,34.5,18.3,30.0,128.96,,40.42,33.33,0.0,1.8,96.9,1004.7,"Rain, Thunderstorm, Light Rain, Smoke Or Haze",22.5705,88.3713,"Kolkata, WB, India","Kolkata, WB, India",,"Rain, Overcast"
"Kolkata,West Bengal,India",10/19/2021,25.4,28.0,26.7,25.2,91.85,33.6,11.4,,153.29,,13.53,25.0,0.0,2.0,96.8,1008.6,"Mist, Rain, Thunderstorm, Light Rain, Sky Coverage Decreasing, Sky Coverage Increasing, Smoke Or Haze",22.5705,88.3713,"Kolkata, WB, India","Kolkata, WB, India",,"Rain, Overcast"
"Kolkata,West Bengal,India",10/20/2021,26.4,31.0,28.2,26.6,90.93,44.3,8.1,,168.33,,2.64,8.33,0.0,1.9,83.5,1009.5,"Mist, Light Drizzle, Thunderstorm, Thunderstorm Without Precipitation, Light Rain, Sky Coverage Increasing, Smoke Or Haze",22.5705,88.3713,"Kolkata, WB, India","Kolkata, WB, India",,"Rain, Overcast"
"Kolkata,West Bengal,India",10/21/2021,25.7,33.0,28.8,24.1,77.32,39.1,8.1,,220.96,,0.71,4.17,0.0,2.0,44.7,1009.7,"Mist, Smoke Or Haze",22.5705,88.3713,"Kolkata, WB, India","Kolkata, WB, India",,"Rain, Partially cloudy"
"Kolkata,West Bengal,India",10/22/2021,25.9,34.0,29.5,23.9,74.07,40.6,6.9,,123.3,,0.0,0.0,0.0,2.0,35.4,1010.3,"Mist, Smoke Or Haze",22.5705,88.3713,"Kolkata, WB, India","Kolkata, WB, India",,Partially cloudy
"Kolkata,West Bengal,India",10/23/2021,24.5,33.0,28.7,23.8,76.2,37.4,5.8,,78.95,,0.0,0.0,0.0,1.8,41.9,1011.7,"Mist, Smoke Or Haze",22.5705,88.3713,"Kolkata, WB, India","Kolkata, WB, India",,Partially cloudy
"Kolkata,West Bengal,India",10/24/2021,24.8,32.0,28.2,24.7,81.77,40.6,6.9,,62.5,,1.9,4.17,0.0,1.6,50.5,1011.9,"Mist, Rain, Sky Coverage Increasing, Smoke Or Haze",22.5705,88.3713,"Kolkata, WB, India","Kolkata, WB, India",,"Rain, Partially cloudy"
"Kolkata,West Bengal,India",10/25/2021,24.6,32.0,28.2,24.5,81.31,39.2,4.7,,29.0,,5.67,4.17,0.0,1.7,49.7,1010.9,"Mist, Fog, Light Rain, Smoke Or Haze",22.5705,88.3713,"Kolkata, WB, India","Kolkata, WB, India",,"Rain, Partially cloudy"
"Kolkata,West Bengal,India",10/26/2021,24.9,33.0,28.5,24.4,79.63,39.2,5.8,,54.35,,0.0,0.0,0.0,1.7,44.9,1010.2,"Mist, Fog, Smoke Or Haze",22.5705,88.3713,"Kolkata, WB, India","Kolkata, WB, India",,Partially cloudy
"Kolkata,West Bengal,India",10/27/2021,25.3,32.0,28.5,25.3,83.36,40.6,10.3,,70.09,,0.0,0.0,0.0,1.7,54.7,1011.0,"Mist, Smoke Or Haze",22.5705,88.3713,"Kolkata, WB, India","Kolkata, WB, India",,Partially cloudy
"Kolkata,West Bengal,India",10/28/2021,26.0,32.0,28.3,25.1,83.45,40.6,9.2,,86.04,,8.25,8.33,0.0,1.7,71.2,1011.8,"Mist, Fog, Light Rain, Sky Coverage Decreasing, Sky Coverage Increasing, Smoke Or Haze",22.5705,88.3713,"Kolkata, WB, India","Kolkata, WB, India",,"Rain, Partially cloudy"
"Kolkata,West Bengal,India",10/29/2021,24.6,33.0,28.4,23.5,75.86,38.1,11.4,,247.25,,0.0,0.0,0.0,2.0,31.0,1012.8,"Mist, Smoke Or Haze",22.5705,88.3713,"Kolkata, WB, India","Kolkata, WB, India",,Partially cloudy
"Kolkata,West Bengal,India",10/30/2021,23.4,32.0,27.7,21.0,68.05,34.9,53.0,,228.17,,0.0,0.0,0.0,2.1,18.8,1013.0,Smoke Or Haze,22.5705,88.3713,"Kolkata, WB, India","Kolkata, WB, India",,Clear
"Kolkata,West Bengal,India",10/31/2021,22.8,32.0,26.8,19.6,66.13,32.9,9.2,,137.63,,0.0,0.0,0.0,2.1,20.5,1012.8,Smoke Or Haze,22.5705,88.3713,"Kolkata, WB, India","Kolkata, WB, India",,Clear
"Kolkata,West Bengal,India",11/01/2021,22.1,32.0,26.4,19.4,67.28,32.9,10.3,,74.52,,0.0,0.0,0.0,2.0,19.4,1013.2,"Mist, Smoke Or Haze",22.5705,88.3713,"Kolkata, WB, India","Kolkata, WB, India",,Clear
"Kolkata,West Bengal,India",11/02/2021,21.4,31.0,26.4,19.5,67.59,32.4,10.3,,196.41,,0.0,0.0,0.0,2.1,41.5,1013.5,"Mist, Smoke Or Haze",22.5705,88.3713,"Kolkata, WB, India","Kolkata, WB, India",,Partially cloudy
"Kolkata,West Bengal,India",11/03/2021,22.4,31.0,26.7,19.6,66.75,32.4,11.4,,174.58,,0.0,0.0,0.0,2.1,30.6,1012.7,"Mist, Smoke Or Haze",22.5705,88.3713,"Kolkata, WB, India","Kolkata, WB, India",,Partially cloudy
"Kolkata,West Bengal,India",11/04/2021,21.7,31.0,26.4,19.6,67.88,32.4,6.9,,128.79,,0.0,0.0,0.0,1.8,21.9,1012.3,"Mist, Fog, Smoke Or Haze",22.5705,88.3713,"Kolkata, WB, India","Kolkata, WB, India",,Clear
"Kolkata,West Bengal,India",11/05/2021,20.4,30.0,25.3,18.9,69.58,30.8,9.2,,160.08,,0.0,0.0,0.0,1.9,9.8,1011.5,"Mist, Smoke Or Haze",22.5705,88.3713,"Kolkata, WB, India","Kolkata, WB, India",,Clear
"Kolkata,West Bengal,India",11/06/2021,19.9,30.0,24.9,17.4,65.8,30.0,11.4,,243.95,,0.0,0.0,0.0,1.9,2.8,1010.0,"Mist, Smoke Or Haze",22.5705,88.3713,"Kolkata, WB, India","Kolkata, WB, India",,Clear
"Kolkata,West Bengal,India",11/07/2021,20.0,30.0,25.1,17.3,64.0,30.4,10.3,,216.5,,0.0,0.0,0.0,1.9,2.4,1009.9,"Mist, Smoke Or Haze",22.5705,88.3713,"Kolkata, WB, India","Kolkata, WB, India",,Clear
"Kolkata,West Bengal,India",11/08/2021,19.4,30.0,24.9,17.7,65.78,30.8,9.2,,285.67,,0.0,0.0,0.0,2.0,3.7,1010.6,"Mist, Smoke Or Haze",22.5705,88.3713,"Kolkata, WB, India","Kolkata, WB, India",,Clear
"Kolkata,West Bengal,India",11/09/2021,19.9,31.0,25.3,18.9,69.65,32.4,8.1,,162.0,,0.0,0.0,0.0,1.8,5.6,1011.5,"Mist, Smoke Or Haze",22.5705,88.3713,"Kolkata, WB, India","Kolkata, WB, India",,Clear
"Kolkata,West Bengal,India",11/10/2021,20.4,31.0,25.9,19.4,69.59,32.4,5.8,,90.86,,0.0,0.0,0.0,2.0,13.4,1011.1,"Mist, Smoke Or Haze",22.5705,88.3713,"Kolkata, WB, India","Kolkata, WB, India",,Clear
"Kolkata,West Bengal,India",11/11/2021,22.2,31.0,26.6,20.4,70.4,32.4,5.8,,112.83,,0.0,0.0,0.0,1.9,30.1,1011.0,"Mist, Smoke Or Haze",22.5705,88.3713,"Kolkata, WB, India","Kolkata, WB, India",,Partially cloudy
"Kolkata,West Bengal,India",11/12/2021,23.3,30.0,26.8,21.7,73.91,34.1,6.9,,40.24,,0.0,0.0,0.0,1.7,72.8,1011.6,"Mist, Smoke Or Haze",22.5705,88.3713,"Kolkata, WB, India","Kolkata, WB, India",,Partially cloudy
"Kolkata,West Bengal,India",11/13/2021,23.0,28.0,25.4,21.8,81.23,30.7,9.2,,48.14,,0.43,8.33,0.0,1.7,81.8,1011.9,"Mist, Light Drizzle, Light Rain, Sky Coverage Increasing, Smoke Or Haze",22.5705,88.3713,"Kolkata, WB, India","Kolkata, WB, India",,"Rain, Overcast"
"Kolkata,West Bengal,India",11/14/2021,22.0,26.0,23.9,21.1,84.64,,9.2,,38.38,,0.0,4.17,0.0,1.7,91.3,1011.3,"Mist, Light Drizzle, Light Rain, Sky Coverage Increasing, Smoke Or Haze",22.5705,88.3713,"Kolkata, WB, India","Kolkata, WB, India",,Overcast
"Kolkata,West Bengal,India",11/15/2021,21.4,24.0,22.7,20.6,88.12,,8.1,,59.26,,0.33,8.33,0.0,1.6,93.1,1010.1,"Drizzle, Mist, Light Drizzle, Rain, Light Rain, Sky Coverage Increasing, Smoke Or Haze",22.5705,88.3713,"Kolkata, WB, India","Kolkata, WB, India",,"Rain, Overcast"
"Kolkata,West Bengal,India",11/16/2021,21.7,29.0,24.9,20.5,77.54,30.8,9.2,,116.45,,0.0,0.0,0.0,1.6,34.6,1010.9,"Mist, Smoke Or Haze",22.5705,88.3713,"Kolkata, WB, India","Kolkata, WB, India",,Partially cloudy
"Kolkata,West Bengal,India",11/17/2021,19.4,29.0,24.3,18.2,70.92,29.8,11.4,,168.88,,0.0,0.0,0.0,1.8,5.4,1012.8,"Mist, Smoke Or Haze",22.5705,88.3713,"Kolkata, WB, India","Kolkata, WB, India",,Clear
"Kolkata,West Bengal,India",11/18/2021,18.9,30.0,24.1,18.0,70.68,30.4,8.1,,206.52,,0.0,0.0,0.0,2.0,15.8,1011.2,"Mist, Smoke Or Haze",22.5705,88.3713,"Kolkata, WB, India","Kolkata, WB, India",,Clear
"Kolkata,West Bengal,India",11/19/2021,20.1,30.0,25.1,18.7,69.62,30.4,6.9,,98.0,,0.0,0.0,0.0,1.9,16.9,1009.4,"Mist, Smoke Or Haze",22.5705,88.3713,"Kolkata, WB, India","Kolkata, WB, India",,Clear
"Kolkata,West Bengal,India",11/20/2021,20.7,32.0,26.0,20.3,72.03,34.9,4.7,,121.96,,0.0,0.0,0.0,1.6,8.1,1009.4,"Mist, Smoke Or Haze",22.5705,88.3713,"Kolkata, WB, India","Kolkata, WB, India",,Clear
"Kolkata,West Bengal,India",11/21/2021,22.4,31.0,26.4,20.8,72.77,33.7,5.8,,97.18,,0.0,0.0,0.0,1.6,25.7,1010.6,"Mist, Smoke Or Haze",22.5705,88.3713,"Kolkata, WB, India","Kolkata, WB, India",,Partially cloudy
"Kolkata,West Bengal,India",11/22/2021,22.1,32.0,27.0,21.5,73.09,35.8,5.8,,79.74,,0.0,0.0,0.0,1.5,14.9,1010.5,"Mist, Smoke Or Haze",22.5705,88.3713,"Kolkata, WB, India","Kolkata, WB, India",,Clear
"Kolkata,West Bengal,India",11/23/2021,23.9,31.0,26.9,21.9,75.15,35.5,8.1,,135.77,,0.0,0.0,0.0,1.5,38.6,1010.5,"Mist, Fog, Smoke Or Haze",22.5705,88.3713,"Kolkata, WB, India","Kolkata, WB, India",,Partially cloudy
"Kolkata,West Bengal,India",11/24/2021,21.9,31.0,25.3,17.8,64.75,31.4,9.2,,113.17,,0.0,0.0,0.0,1.8,20.7,1012.1,"Mist, Smoke Or Haze",22.5705,88.3713,"Kolkata, WB, India","Kolkata, WB, India",,Clear
"Kolkata,West Bengal,India",11/25/2021,20.0,31.0,24.6,18.5,70.5,31.9,6.9,,58.23,,0.0,0.0,0.0,1.6,22.9,1012.5,"Mist, Smoke Or Haze",22.5705,88.3713,"Kolkata, WB, India","Kolkata, WB, India",,Clear
"Kolkata,West Bengal,India",11/26/2021,20.0,29.0,23.9,17.9,70.62,29.8,8.1,,68.17,,0.0,0.0,0.0,1.6,23.6,1013.0,"Mist, Smoke Or Haze",22.5705,88.3713,"Kolkata, WB, India","Kolkata, WB, India",,Clear
"Kolkata,West Bengal,India",11/27/2021,18.9,28.0,23.1,17.2,71.81,28.6,9.2,,180.13,,0.0,0.0,0.0,1.6,3.1,1013.8,"Mist, Fog, Smoke Or Haze",22.5705,88.3713,"Kolkata, WB, India","Kolkata, WB, India",,Clear
"Kolkata,West Bengal,India",11/28/2021,18.7,29.0,23.1,17.6,73.24,29.5,9.2,,206.43,,0.0,0.0,0.0,1.6,7.0,1014.4,"Mist, Smoke Or Haze",22.5705,88.3713,"Kolkata, WB, India","Kolkata, WB, India",,Clear
"Kolkata,West Bengal,India",11/29/2021,17.9,29.0,23.2,16.8,69.07,29.5,11.4,,150.0,,0.0,0.0,0.0,1.9,12.1,1014.2,"Mist, Smoke Or Haze",22.5705,88.3713,"Kolkata, WB, India","Kolkata, WB, India",,Clear
"Kolkata,West Bengal,India",11/30/2021,19.0,29.0,23.3,17.1,70.24,29.5,13.9,,224.71,,0.0,0.0,0.0,1.6,2.7,1014.0,"Mist, Smoke Or Haze",22.5705,88.3713,"Kolkata, WB, India","Kolkata, WB, India",,Clear
"Kolkata,West Bengal,India",12/01/2021,18.6,29.0,23.3,17.2,70.21,29.5,6.9,,204.04,,0.0,0.0,0.0,1.9,3.8,1013.5,"Mist, Smoke Or Haze",22.5705,88.3713,"Kolkata, WB, India","Kolkata, WB, India",,Clear
"Kolkata,West Bengal,India",12/02/2021,19.2,29.0,23.8,17.4,69.66,29.1,5.8,,124.27,,0.0,0.0,0.0,1.8,8.6,1013.2,"Mist, Smoke Or Haze",22.5705,88.3713,"Kolkata, WB, India","Kolkata, WB, India",,Clear
"Kolkata,West Bengal,India",12/03/2021,18.0,29.0,23.6,18.3,73.94,29.8,5.8,,30.95,,0.0,0.0,0.0,1.8,47.6,1014.1,"Mist, Smoke Or Haze",22.5705,88.3713,"Kolkata, WB, India","Kolkata, WB, India",,Partially cloudy
"Kolkata,West Bengal,India",12/04/2021,20.9,24.0,22.2,19.7,86.19,,5.8,,120.26,,1.73,16.67,0.0,1.3,88.0,1014.1,"Mist, Light Drizzle, Rain, Light Rain, Sky Coverage Increasing, Smoke Or Haze",22.5705,88.3713,"Kolkata, WB, India","Kolkata, WB, India",,"Rain, Overcast"
"Kolkata,West Bengal,India",12/05/2021,20.8,23.0,21.8,20.1,90.39,,9.2,,34.13,,31.05,25.0,0.0,1.1,99.5,1013.8,"Mist, Rain, Light Rain, Sky Coverage Increasing",22.5705,88.3713,"Kolkata, WB, India","Kolkata, WB, India",,"Rain, Overcast"
"Kolkata,West Bengal,India",12/06/2021,21.4,23.0,22.2,20.9,92.24,,12.8,,93.42,,63.28,20.83,0.0,1.5,100.0,1011.2,"Drizzle, Light Drizzle, Rain, Light Rain",22.5705,88.3713,"Kolkata, WB, India","Kolkata, WB, India",,"Rain, Overcast"
"Kolkata,West Bengal,India",12/07/2021,20.6,26.0,23.1,21.3,89.75,,10.3,,260.91,,0.0,0.0,0.0,1.7,70.7,1013.1,"Drizzle, Mist, Fog, Sky Coverage Increasing, Smoke Or Haze",22.5705,88.3713,"Kolkata, WB, India","Kolkata, WB, India",,Partially cloudy
"Kolkata,West Bengal,India",12/08/2021,19.8,28.0,23.2,20.7,86.5,31.3,9.2,,62.83,,0.0,4.17,0.0,1.3,37.8,1015.2,"Mist, Fog, Smoke Or Haze",22.5705,88.3713,"Kolkata, WB, India","Kolkata, WB, India",,Partially cloudy
"Kolkata,West Bengal,India",12/09/2021,20.4,27.0,23.0,20.2,84.62,28.8,8.1,,87.67,,2.61,4.17,0.0,1.5,78.4,1017.0,"Mist, Fog, Light Rain, Smoke Or Haze",22.5705,88.3713,"Kolkata, WB, India","Kolkata, WB, India",,"Rain, Overcast"
"Kolkata,West Bengal,India",12/10/2021,19.9,27.0,23.1,19.0,78.66,28.2,6.9,,134.75,,0.0,0.0,0.0,1.7,84.2,1016.4,"Mist, Rain, Light Rain, Smoke Or Haze",22.5705,88.3713,"Kolkata, WB, India","Kolkata, WB, India",,Overcast
"Kolkata,West Bengal,India",12/11/2021,19.0,28.0,23.2,19.3,80.35,29.7,6.9,,117.7,,0.0,0.0,0.0,1.4,35.9,1016.5,"Mist, Fog, Smoke Or Haze",22.5705,88.3713,"Kolkata, WB, India","Kolkata, WB, India",,Partially cloudy
"Kolkata,West Bengal,India",12/12/2021,18.3,25.0,21.5,16.5,74.47,,12.8,,131.35,,0.0,0.0,0.0,1.4,14.7,1017.5,"Mist, Smoke Or Haze",22.5705,88.3713,"Kolkata, WB, India","Kolkata, WB, India",,Clear
"Kolkata,West Bengal,India",12/13/2021,16.1,26.0,20.8,14.5,69.4,,10.3,,217.22,,0.0,0.0,0.0,1.5,16.5,1016.2,"Mist, Smoke Or Haze",22.5705,88.3713,"Kolkata, WB, India","Kolkata, WB, India",,Clear
"Kolkata,West Bengal,India",12/14/2021,15.6,26.0,20.4,14.5,71.04,,9.2,,155.88,,0.0,0.0,0.0,1.4,17.6,1015.0,"Mist, Smoke Or Haze",22.5705,88.3713,"Kolkata, WB, India","Kolkata, WB, India",,Clear
"Kolkata,West Bengal,India",12/15/2021,15.3,26.0,20.0,13.9,70.15,,6.9,,213.5,,0.0,0.0,0.0,1.4,27.7,1014.7,"Mist, Smoke Or Haze",22.5705,88.3713,"Kolkata, WB, India","Kolkata, WB, India",,Partially cloudy
"Kolkata,West Bengal,India",12/16/2021,15.0,25.0,19.5,15.1,77.38,,8.1,,244.83,,0.0,0.0,0.0,1.3,24.2,1015.4,"Mist, Smoke Or Haze",22.5705,88.3713,"Kolkata, WB, India","Kolkata, WB, India",,Clear
"Kolkata,West Bengal,India",12/17/2021,15.2,25.0,19.8,13.7,70.75,,8.1,,261.3,,0.0,0.0,0.0,1.6,5.2,1015.1,"Mist, Fog, Smoke Or Haze",22.5705,88.3713,"Kolkata, WB, India","Kolkata, WB, India",,Clear
"Kolkata,West Bengal,India",12/18/2021,14.5,25.0,19.9,15.7,77.86,,10.3,,137.39,,0.0,0.0,0.0,1.5,6.4,1014.6,"Mist, Fog, Smoke Or Haze",22.5705,88.3713,"Kolkata, WB, India","Kolkata, WB, India",,Clear
"Kolkata,West Bengal,India",12/19/2021,15.0,22.0,18.4,11.8,66.91,,11.4,,331.38,,0.0,0.0,0.0,1.7,3.4,1016.2,"Mist, Smoke Or Haze",22.5705,88.3713,"Kolkata, WB, India","Kolkata, WB, India",,Clear
"Kolkata,West Bengal,India",12/20/2021,12.0,22.0,17.0,8.3,58.19,,8.1,,287.21,,0.0,0.0,0.0,1.7,1.7,1016.1,"Mist, Smoke Or Haze",22.5705,88.3713,"Kolkata, WB, India","Kolkata, WB, India",,Clear
"Kolkata,West Bengal,India",12/21/2021,12.8,23.0,17.6,12.2,71.79,,9.2,,292.77,,0.0,0.0,0.0,1.5,3.9,1014.4,"Mist, Smoke Or Haze",22.5705,88.3713,"Kolkata, WB, India","Kolkata, WB, India",,Clear
"Kolkata,West Bengal,India",12/22/2021,14.4,24.0,19.0,13.7,73.47,,11.4,,256.0,,0.0,0.0,0.0,1.4,14.2,1012.9,"Mist, Smoke Or Haze",22.5705,88.3713,"Kolkata, WB, India","Kolkata, WB, India",,Clear
"Kolkata,West Bengal,India",12/23/2021,14.0,24.0,18.9,14.7,77.5,,6.9,,222.77,,0.0,0.0,0.0,1.3,4.0,1013.2,"Mist, Fog, Smoke Or Haze",22.5705,88.3713,"Kolkata, WB, India","Kolkata, WB, India",,Clear
"Kolkata,West Bengal,India",12/24/2021,14.5,25.0,19.6,15.3,77.97,,5.8,,41.17,,0.0,0.0,0.0,1.4,18.0,1013.6,"Mist, Fog, Smoke Or Haze",22.5705,88.3713,"Kolkata, WB, India","Kolkata, WB, India",,Clear
"Kolkata,West Bengal,India",12/25/2021,15.3,26.0,20.2,15.8,77.89,,4.7,,49.74,,0.0,0.0,0.0,1.5,9.4,1014.2,"Mist, Fog, Smoke Or Haze",22.5705,88.3713,"Kolkata, WB, India","Kolkata, WB, India",,Clear
"Kolkata,West Bengal,India",12/26/2021,16.4,26.0,21.0,17.5,82.04,,4.7,,25.17,,0.0,0.0,0.0,1.4,22.0,1015.9,"Mist, Fog, Smoke Or Haze",22.5705,88.3713,"Kolkata, WB, India","Kolkata, WB, India",,Clear
"Kolkata,West Bengal,India",12/27/2021,16.0,26.0,21.3,18.2,83.47,,3.4,,20.95,,0.0,0.0,0.0,1.2,27.5,1017.0,"Mist, Fog, Smoke Or Haze",22.5705,88.3713,"Kolkata, WB, India","Kolkata, WB, India",,Partially cloudy
"Kolkata,West Bengal,India",12/28/2021,17.8,26.0,21.1,17.3,79.94,,6.9,,28.18,,0.0,0.0,0.0,1.3,33.1,1016.4,"Mist, Fog, Smoke Or Haze",22.5705,88.3713,"Kolkata, WB, India","Kolkata, WB, India",,Partially cloudy
"Kolkata,West Bengal,India",12/29/2021,18.0,25.0,20.7,17.2,81.38,,6.9,,110.29,,0.0,0.0,0.0,1.5,63.5,1016.5,"Mist, Smoke Or Haze",22.5705,88.3713,"Kolkata, WB, India","Kolkata, WB, India",,Partially cloudy
"Kolkata,West Bengal,India",12/30/2021,17.0,23.0,19.4,17.4,88.3,,9.2,,213.63,,0.99,4.17,0.0,1.4,42.4,1018.9,"Mist, Light Drizzle, Thunderstorm, Light Rain, Sky Coverage Decreasing, Smoke Or Haze",22.5705,88.3713,"Kolkata, WB, India","Kolkata, WB, India",,"Rain, Partially cloudy"
"Kolkata,West Bengal,India",12/31/2021,15.0,24.0,19.7,16.4,82.2,,13.9,,245.83,,0.0,0.0,0.0,1.8,13.6,1019.4,"Mist, Fog, Smoke Or Haze",22.5705,88.3713,"Kolkata, WB, India","Kolkata, WB, India",,Clear